id,edi_mnz_id,srcl,n_pisos,periodo_const,Taxonomy
167928,Barranquilla,LFM,2,PR10,LFM/H:2/CODE
171288,Barranquilla,LFM,2,PR10,LFM/H:2/CODE
171942,Barranquilla,LFM,2,PR98,LFM/H:2/CODE
172831,Barranquilla,LFM,2,PR10,LFM/H:2/CODE
173041,Barranquilla,LFM,2,PR10,LFM/H:2/CODE
174668,Barranquilla,LFM,6,PR98,LFM/H:6/CODE
174902,Barranquilla,LFM,4,PT10,LFM/H:4/CODE
175584,Barranquilla,DUAL,10,PR10,DUAL/H:10+/CODE
175884,Barranquilla,LFM,9,PR98,LFM/H:9/CODE
175885,Barranquilla,DUAL,16,PR10,DUAL/H:10+/CODE
175887,Barranquilla,DUAL,12,PR10,DUAL/H:10+/CODE
175891,Barranquilla,LFM,6,PR98,LFM/H:6/CODE
175893,Barranquilla,DUAL,11,PR98,DUAL/H:10+/CODE
175907,Barranquilla,DUAL,11,PR98,DUAL/H:10+/CODE
175910,Barranquilla,DUAL,16,PT10,DUAL/H:10+/CODE
175914,Barranquilla,DUAL,12,PR98,DUAL/H:10+/CODE
175917,Barranquilla,LFM,6,PR98,LFM/H:6/CODE
175928,Barranquilla,DUAL,9,PR10,DUAL/H:9/CODE
175950,Barranquilla,DUAL,10,PT10,DUAL/H:10+/CODE
175991,Barranquilla,DUAL,18,PR10,DUAL/H:10+/CODE
175993,Barranquilla,DUAL,13,PT10,DUAL/H:10+/CODE
175995,Barranquilla,DUAL,12,PR10,DUAL/H:10+/CODE
175996,Barranquilla,DUAL,16,PR10,DUAL/H:10+/CODE
175999,Barranquilla,DUAL,16,PR10,DUAL/H:10+/CODE
176010,Barranquilla,DUAL,10,PR10,DUAL/H:10+/CODE
176011,Barranquilla,DUAL,16,PT10,DUAL/H:10+/CODE
176391,Barranquilla,LFM,6,PR10,LFM/H:6/CODE
176477,Barranquilla,DUAL,15,PT10,DUAL/H:10+/CODE
176515,Barranquilla,DUAL,12,PR10,DUAL/H:10+/CODE
177205,Barranquilla,LFM,5,PR98,LFM/H:5/CODE
177644,Barranquilla,LFM,8,PR98,LFM/H:8/CODE
177657,Barranquilla,DUAL,10,PR98,DUAL/H:10+/CODE
177872,Barranquilla,DUAL,43,PT10,DUAL/H:10+/CODE
177890,Barranquilla,DUAL,36,PT10,DUAL/H:10+/CODE
177922,Barranquilla,DUAL,14,PR98,DUAL/H:10+/CODE
179324,Barranquilla,DUAL,21,PT10,DUAL/H:10+/CODE
179681,Barranquilla,DUAL,15,PT10,DUAL/H:10+/CODE
179684,Barranquilla,DUAL,17,PT10,DUAL/H:10+/CODE
179707,Barranquilla,DUAL,17,PR10,DUAL/H:10+/CODE
179715,Barranquilla,DUAL,12,PR98,DUAL/H:10+/CODE
179719,Barranquilla,DUAL,14,PT10,DUAL/H:10+/CODE
179749,Barranquilla,DUAL,11,PR98,DUAL/H:10+/CODE
179752,Barranquilla,DUAL,11,PR10,DUAL/H:10+/CODE
179754,Barranquilla,DUAL,12,PT10,DUAL/H:10+/CODE
179756,Barranquilla,LFM,6,PR10,LFM/H:6/CODE
179757,Barranquilla,LFM,8,PR98,LFM/H:8/CODE
179759,Barranquilla,LFM,3,PR98,LFM/H:3/CODE
179783,Barranquilla,LFM,10,PR98,LFM/H:10+/CODE
179792,Barranquilla,DUAL,16,PT10,DUAL/H:10+/CODE
179797,Barranquilla,DUAL,11,PR10,DUAL/H:10+/CODE
179802,Barranquilla,LFM,9,PT10,LFM/H:9/CODE
179809,Barranquilla,DUAL,11,PR10,DUAL/H:10+/CODE
179821,Barranquilla,DUAL,10,PT10,DUAL/H:10+/CODE
179823,Barranquilla,LFM,3,PT10,LFM/H:3/CODE
179833,Barranquilla,LFM,10,PR10,LFM/H:10+/CODE
179834,Barranquilla,DUAL,17,PT10,DUAL/H:10+/CODE
179840,Barranquilla,DUAL,23,PT10,DUAL/H:10+/CODE
179843,Barranquilla,LFM,9,PR98,LFM/H:9/CODE
181211,Barranquilla,LFM,3,PR10,LFM/H:3/CODE
181801,Barranquilla,LFM,5,PT10,LFM/H:5/CODE
182693,Barranquilla,TW,15,PT10,TW/H:10+/CODE
182696,Barranquilla,TW,15,PT10,TW/H:10+/CODE
182697,Barranquilla,TW,11,PT10,TW/H:10+/CODE
182700,Barranquilla,TW,11,PT10,TW/H:10+/CODE
182704,Barranquilla,TW,15,PT10,TW/H:10+/CODE
182707,Barranquilla,TW,11,PT10,TW/H:10+/CODE
182711,Barranquilla,TW,15,PT10,TW/H:10+/CODE
182750,Barranquilla,TW,12,PT10,TW/H:10+/CODE
182758,Barranquilla,TW,11,PT10,TW/H:10+/CODE
182766,Barranquilla,LFM,3,PR10,LFM/H:3/CODE
182771,Barranquilla,TW,10,PR10,TW/H:10+/CODE
182773,Barranquilla,TW,12,PT10,TW/H:10+/CODE
182782,Barranquilla,TW,10,PR10,TW/H:10+/CODE
183961,Barranquilla,LFM,2,PR10,LFM/H:2/CODE
184202,Barranquilla,LFM,2,PT10,LFM/H:2/CODE
184215,Barranquilla,DUAL,10,PT10,DUAL/H:10+/CODE
184218,Barranquilla,DUAL,13,PT10,DUAL/H:10+/CODE
184231,Barranquilla,LFM,3,PR10,LFM/H:3/CODE
184407,Barranquilla,LFM,7,PT10,LFM/H:7/CODE
184416,Barranquilla,LFM,7,PT10,LFM/H:7/CODE
184417,Barranquilla,LFM,7,PT10,LFM/H:7/CODE
184437,Barranquilla,DUAL,11,PR10,DUAL/H:10+/CODE
184442,Barranquilla,DUAL,15,PT10,DUAL/H:10+/CODE
184451,Barranquilla,LFM,7,PT10,LFM/H:7/CODE
184474,Barranquilla,DUAL,20,PT10,DUAL/H:10+/CODE
185691,Barranquilla,LFM,4,PR98,LFM/H:4/CODE
185767,Barranquilla,TW,5,PR10,TW/H:5/CODE
185798,Barranquilla,DUAL,11,PT10,DUAL/H:10+/CODE
185804,Barranquilla,LFM,4,PR10,LFM/H:4/CODE
185807,Barranquilla,LFM,4,PR84,LFM/H:4/PRE-CODE
185837,Barranquilla,TW,5,PT10,TW/H:5/CODE
185848,Barranquilla,LFM,3,PR10,LFM/H:3/CODE
186996,Barranquilla,LFM,3,PR10,LFM/H:3/CODE
187004,Barranquilla,LFM,2,PT10,LFM/H:2/CODE
187010,Barranquilla,LFM,2,PT10,LFM/H:2/CODE
187030,Barranquilla,LFM,4,PR10,LFM/H:4/CODE
189272,Barranquilla,DUAL,10,PT10,DUAL/H:10+/CODE
189274,Barranquilla,DUAL,10,PT10,DUAL/H:10+/CODE
189285,Barranquilla,DUAL,17,PT10,DUAL/H:10+/CODE
189311,Barranquilla,LFM,9,PT10,LFM/H:9/CODE
189325,Barranquilla,DUAL,12,PR10,DUAL/H:10+/CODE
189334,Barranquilla,DUAL,17,PT10,DUAL/H:10+/CODE
189386,Barranquilla,DUAL,15,PT10,DUAL/H:10+/CODE
189394,Barranquilla,DUAL,13,PT10,DUAL/H:10+/CODE
189399,Barranquilla,DUAL,17,PT10,DUAL/H:10+/CODE
189403,Barranquilla,TW,18,PT10,TW/H:10+/CODE
189406,Barranquilla,TW,18,PT10,TW/H:10+/CODE
189413,Barranquilla,DUAL,18,PT10,DUAL/H:10+/CODE
189416,Barranquilla,DUAL,20,PT10,DUAL/H:10+/CODE
189419,Barranquilla,DUAL,16,PT10,DUAL/H:10+/CODE
189426,Barranquilla,LFM,7,PR10,LFM/H:7/CODE
189432,Barranquilla,DUAL,16,PT10,DUAL/H:10+/CODE
189434,Barranquilla,DUAL,9,PR10,DUAL/H:9/CODE
189440,Barranquilla,DUAL,12,PR10,DUAL/H:10+/CODE
189441,Barranquilla,TW,9,PR10,TW/H:9/CODE
189448,Barranquilla,LFM,6,PR98,LFM/H:6/CODE
190556,Barranquilla,LFM,9,PT10,LFM/H:9/CODE
190568,Barranquilla,LFM,3,PR84,LFM/H:3/PRE-CODE
190596,Barranquilla,LFM,4,PT10,LFM/H:4/CODE
191385,Barranquilla,LFM,9,PR10,LFM/H:9/CODE
191393,Barranquilla,LFM,6,PT10,LFM/H:6/CODE
191397,Barranquilla,DUAL,12,PT10,DUAL/H:10+/CODE
191409,Barranquilla,DUAL,11,PT10,DUAL/H:10+/CODE
191410,Barranquilla,DUAL,11,PT10,DUAL/H:10+/CODE
191433,Barranquilla,DUAL,13,PT10,DUAL/H:10+/CODE
191442,Barranquilla,LFM,4,PR98,LFM/H:4/CODE
191446,Barranquilla,LFM,9,PT10,LFM/H:9/CODE
191448,Barranquilla,LFM,6,PR10,LFM/H:6/CODE
191451,Barranquilla,LFM,4,PR84,LFM/H:4/PRE-CODE
191459,Barranquilla,LFM,6,PR98,LFM/H:6/CODE
191460,Barranquilla,LFM,2,PR10,LFM/H:2/CODE
191463,Barranquilla,DUAL,10,PR98,DUAL/H:10+/CODE
191465,Barranquilla,DUAL,14,PR10,DUAL/H:10+/CODE
191466,Barranquilla,DUAL,12,PR98,DUAL/H:10+/CODE
191469,Barranquilla,DUAL,11,PR10,DUAL/H:10+/CODE
191472,Barranquilla,LFM,5,PR98,LFM/H:5/CODE
191477,Barranquilla,DUAL,10,PR10,DUAL/H:10+/CODE
191509,Barranquilla,LFM,4,PR98,LFM/H:4/CODE
191572,Barranquilla,LFM,5,PR98,LFM/H:5/CODE
191582,Barranquilla,LFM,4,PR98,LFM/H:4/CODE
191584,Barranquilla,LFM,4,PR98,LFM/H:4/CODE
191585,Barranquilla,LFM,6,PR98,LFM/H:6/CODE
191601,Barranquilla,LFM,4,PR98,LFM/H:4/CODE
191602,Barranquilla,DUAL,14,PR10,DUAL/H:10+/CODE
191604,Barranquilla,LFM,7,PR98,LFM/H:7/CODE
191765,Barranquilla,LFM,4,PR84,LFM/H:4/PRE-CODE
193142,Barranquilla,TW,11,PT10,TW/H:10+/CODE
193164,Barranquilla,LFM,4,PR98,LFM/H:4/CODE
193169,Barranquilla,DUAL,12,PR10,DUAL/H:10+/CODE
193276,Barranquilla,LFM,4,PR98,LFM/H:4/CODE
193454,Barranquilla,LFM,4,PR98,LFM/H:4/CODE
193465,Barranquilla,LFM,4,PR10,LFM/H:4/CODE
193511,Barranquilla,LFM,3,PR98,LFM/H:3/CODE
193514,Barranquilla,LFM,4,PR10,LFM/H:4/CODE
197985,Barranquilla,LFM,4,PR98,LFM/H:4/CODE
198059,Barranquilla,LFM,7,PR10,LFM/H:7/CODE
198071,Barranquilla,LFM,4,PR84,LFM/H:4/PRE-CODE
198074,Barranquilla,LFM,3,PR10,LFM/H:3/CODE
198093,Barranquilla,LFM,4,PR84,LFM/H:4/PRE-CODE
198097,Barranquilla,LFM,5,PR98,LFM/H:5/CODE
198382,Barranquilla,LFM,6,PR10,LFM/H:6/CODE
198383,Barranquilla,LFM,4,PR84,LFM/H:4/PRE-CODE
198384,Barranquilla,LFM,9,PT10,LFM/H:9/CODE
198385,Barranquilla,LFM,2,PR84,LFM/H:2/PRE-CODE
198392,Barranquilla,LFM,2,PR98,LFM/H:2/CODE
198393,Barranquilla,LFM,2,PR98,LFM/H:2/CODE
198398,Barranquilla,LFM,3,PR98,LFM/H:3/CODE
198399,Barranquilla,LFM,2,PR98,LFM/H:2/CODE
198400,Barranquilla,LFM,2,PR84,LFM/H:2/PRE-CODE
198403,Barranquilla,LFM,2,PR84,LFM/H:2/PRE-CODE
198404,Barranquilla,LFM,2,PR84,LFM/H:2/PRE-CODE
198409,Barranquilla,DUAL,11,PR98,DUAL/H:10+/CODE
198410,Barranquilla,LFM,2,PR84,LFM/H:2/PRE-CODE
198411,Barranquilla,DUAL,10,PT10,DUAL/H:10+/CODE
198412,Barranquilla,LFM,2,PR98,LFM/H:2/CODE
198423,Barranquilla,LFM,4,PR84,LFM/H:4/PRE-CODE
198445,Barranquilla,LFM,4,PR84,LFM/H:4/PRE-CODE
198446,Barranquilla,LFM,6,PR98,LFM/H:6/CODE
198455,Barranquilla,LFM,4,PR84,LFM/H:4/PRE-CODE
198458,Barranquilla,DUAL,10,PR10,DUAL/H:10+/CODE
198461,Barranquilla,LFM,8,PR10,LFM/H:8/CODE
198462,Barranquilla,LFM,5,PR98,LFM/H:5/CODE
198464,Barranquilla,LFM,9,PR10,LFM/H:9/CODE
198466,Barranquilla,DUAL,10,PR10,DUAL/H:10+/CODE
198471,Barranquilla,DUAL,10,PR10,DUAL/H:10+/CODE
198472,Barranquilla,LFM,5,PR98,LFM/H:5/CODE
198491,Barranquilla,LFM,5,PR98,LFM/H:5/CODE
198496,Barranquilla,LFM,4,PR84,LFM/H:4/PRE-CODE
198501,Barranquilla,LFM,2,PR98,LFM/H:2/CODE
198520,Barranquilla,LFM,4,PR98,LFM/H:4/CODE
198526,Barranquilla,DUAL,11,PT10,DUAL/H:10+/CODE
198528,Barranquilla,DUAL,13,PT10,DUAL/H:10+/CODE
199048,Barranquilla,LFM,5,PR98,LFM/H:5/CODE
199181,Barranquilla,LFM,4,PR98,LFM/H:4/CODE
202236,Barranquilla,LFM,4,PR10,LFM/H:4/CODE
202247,Barranquilla,LFM,5,PR98,LFM/H:5/CODE
202657,Barranquilla,LFM,4,PR98,LFM/H:4/CODE
202991,Barranquilla,LFM,3,PT10,LFM/H:3/CODE
203395,Barranquilla,LFM,5,PR98,LFM/H:5/CODE
204234,Barranquilla,TW,12,PT10,TW/H:10+/CODE
204238,Barranquilla,TW,12,PT10,TW/H:10+/CODE
205311,Barranquilla,LFM,4,PR98,LFM/H:4/CODE
205616,Barranquilla,LFM,4,PR98,LFM/H:4/CODE
206529,Barranquilla,DUAL,14,PT10,DUAL/H:10+/CODE
206535,Barranquilla,DUAL,14,PT10,DUAL/H:10+/CODE
206969,Barranquilla,LFM,4,PR98,LFM/H:4/CODE
208078,Barranquilla,LFM,4,PR98,LFM/H:4/CODE
208089,Barranquilla,LFM,3,PR84,LFM/H:3/PRE-CODE
208098,Barranquilla,LFM,4,PR98,LFM/H:4/CODE
208181,Barranquilla,LFM,3,PR98,LFM/H:3/CODE
208401,Barranquilla,LFM,5,PR98,LFM/H:5/CODE
208428,Barranquilla,LFM,5,PR98,LFM/H:5/CODE
208435,Barranquilla,LFM,5,PR98,LFM/H:5/CODE
209301,Barranquilla,TW,11,PT10,TW/H:10+/CODE
209304,Barranquilla,TW,11,PT10,TW/H:10+/CODE
209321,Barranquilla,LFM,3,PR84,LFM/H:3/PRE-CODE
209469,Barranquilla,LFM,8,PT10,LFM/H:8/CODE
209478,Barranquilla,LFM,4,PR10,LFM/H:4/CODE
209725,Barranquilla,LFM,5,PR84,LFM/H:5/PRE-CODE
209763,Barranquilla,LFM,3,PR98,LFM/H:3/CODE
212476,Barranquilla,DUAL,10,PT10,DUAL/H:10+/CODE
212494,Barranquilla,DUAL,17,PT10,DUAL/H:10+/CODE
212502,Barranquilla,DUAL,17,PT10,DUAL/H:10+/CODE
212522,Barranquilla,DUAL,17,PT10,DUAL/H:10+/CODE
212535,Barranquilla,DUAL,19,PT10,DUAL/H:10+/CODE
212544,Barranquilla,DUAL,19,PT10,DUAL/H:10+/CODE
212562,Barranquilla,DUAL,18,PT10,DUAL/H:10+/CODE
212570,Barranquilla,DUAL,20,PT10,DUAL/H:10+/CODE
212576,Barranquilla,DUAL,18,PT10,DUAL/H:10+/CODE
212577,Barranquilla,DUAL,18,PT10,DUAL/H:10+/CODE
212581,Barranquilla,DUAL,16,PT10,DUAL/H:10+/CODE
212655,Barranquilla,DUAL,16,PT10,DUAL/H:10+/CODE
212660,Barranquilla,DUAL,16,PT10,DUAL/H:10+/CODE
212675,Barranquilla,DUAL,16,PT10,DUAL/H:10+/CODE
212712,Barranquilla,DUAL,18,PT10,DUAL/H:10+/CODE
213600,Barranquilla,DUAL,9,PR10,DUAL/H:9/CODE
213642,Barranquilla,DUAL,13,PT10,DUAL/H:10+/CODE
213657,Barranquilla,DUAL,17,PT10,DUAL/H:10+/CODE
213667,Barranquilla,DUAL,16,PT10,DUAL/H:10+/CODE
213736,Barranquilla,DUAL,14,PT10,DUAL/H:10+/CODE
213782,Barranquilla,LFM,4,PR98,LFM/H:4/CODE
213799,Barranquilla,LFM,2,PR98,LFM/H:2/CODE
213813,Barranquilla,LFM,4,PR98,LFM/H:4/CODE
213835,Barranquilla,LFM,2,PR10,LFM/H:2/CODE
213876,Barranquilla,TW,9,PR10,TW/H:9/CODE
213880,Barranquilla,TW,9,PR10,TW/H:9/CODE
214103,Barranquilla,LFM,4,PR98,LFM/H:4/CODE
214108,Barranquilla,LFM,4,PR98,LFM/H:4/CODE
214143,Barranquilla,LFM,4,PR98,LFM/H:4/CODE
214192,Barranquilla,DUAL,13,PT10,DUAL/H:10+/CODE
214208,Barranquilla,DUAL,10,PT10,DUAL/H:10+/CODE
214232,Barranquilla,DUAL,10,PR10,DUAL/H:10+/CODE
214248,Barranquilla,LFM,3,PR98,LFM/H:3/CODE
214281,Barranquilla,LFM,9,PR10,LFM/H:9/CODE
214291,Barranquilla,DUAL,9,PR10,DUAL/H:9/CODE
214298,Barranquilla,DUAL,13,PT10,DUAL/H:10+/CODE
214311,Barranquilla,LFM,5,PR10,LFM/H:5/CODE
214322,Barranquilla,LFM,6,PR10,LFM/H:6/CODE
214447,Barranquilla,LFM,4,PR84,LFM/H:4/PRE-CODE
214454,Barranquilla,LFM,3,PR98,LFM/H:3/CODE
214457,Barranquilla,LFM,6,PR10,LFM/H:6/CODE
214482,Barranquilla,LFM,4,PR84,LFM/H:4/PRE-CODE
214504,Barranquilla,LFM,4,PR84,LFM/H:4/PRE-CODE
214506,Barranquilla,DUAL,11,PR10,DUAL/H:10+/CODE
214507,Barranquilla,DUAL,16,PT10,DUAL/H:10+/CODE
214511,Barranquilla,DUAL,22,PT10,DUAL/H:10+/CODE
214515,Barranquilla,DUAL,12,PT10,DUAL/H:10+/CODE
214516,Barranquilla,DUAL,21,PT10,DUAL/H:10+/CODE
217299,Barranquilla,DUAL,16,PT10,DUAL/H:10+/CODE
217313,Barranquilla,DUAL,16,PT10,DUAL/H:10+/CODE
217324,Barranquilla,DUAL,20,PT10,DUAL/H:10+/CODE
217349,Barranquilla,DUAL,14,PR10,DUAL/H:10+/CODE
217943,Barranquilla,LFM,3,PR10,LFM/H:3/CODE
218029,Barranquilla,LFM,3,PR98,LFM/H:3/CODE
218076,Barranquilla,DUAL,9,PR10,DUAL/H:9/CODE
219455,Barranquilla,LFM,3,PR98,LFM/H:3/CODE
219477,Barranquilla,DUAL,12,PR10,DUAL/H:10+/CODE
219739,Barranquilla,LFM,7,PR10,LFM/H:7/CODE
219811,Barranquilla,LFM,7,PT10,LFM/H:7/CODE
219817,Barranquilla,LFM,3,PR10,LFM/H:3/CODE
220577,Barranquilla,LFM,4,PR84,LFM/H:4/PRE-CODE
220623,Barranquilla,LFM,3,PT10,LFM/H:3/CODE
220648,Barranquilla,LFM,4,PR84,LFM/H:4/PRE-CODE
222529,Barranquilla,DUAL,10,PR10,DUAL/H:10+/CODE
222590,Barranquilla,LFM,9,PR10,LFM/H:9/CODE
222642,Barranquilla,LFM,4,PR84,LFM/H:4/PRE-CODE
222704,Barranquilla,LFM,6,PR98,LFM/H:6/CODE
222815,Barranquilla,LFM,6,PT10,LFM/H:6/CODE
222870,Barranquilla,DUAL,11,PT10,DUAL/H:10+/CODE
222873,Barranquilla,DUAL,11,PT10,DUAL/H:10+/CODE
222998,Barranquilla,DUAL,10,PT10,DUAL/H:10+/CODE
223002,Barranquilla,DUAL,11,PT10,DUAL/H:10+/CODE
223066,Barranquilla,LFM,6,PT10,LFM/H:6/CODE
223144,Barranquilla,LFM,3,PR98,LFM/H:3/CODE
223262,Barranquilla,TW,12,PT10,TW/H:10+/CODE
223266,Barranquilla,TW,12,PT10,TW/H:10+/CODE
223301,Barranquilla,LFM,6,PR10,LFM/H:6/CODE
223628,Barranquilla,LFM,3,PR10,LFM/H:3/CODE
223746,Barranquilla,DUAL,13,PT10,DUAL/H:10+/CODE
223751,Barranquilla,DUAL,15,PT10,DUAL/H:10+/CODE
223752,Barranquilla,DUAL,15,PT10,DUAL/H:10+/CODE
223759,Barranquilla,LFM,3,PR10,LFM/H:3/CODE
223763,Barranquilla,LFM,4,PR98,LFM/H:4/CODE
223766,Barranquilla,DUAL,10,PR10,DUAL/H:10+/CODE
223767,Barranquilla,LFM,3,PR98,LFM/H:3/CODE
223769,Barranquilla,LFM,3,PR98,LFM/H:3/CODE
223770,Barranquilla,LFM,2,PR10,LFM/H:2/CODE
223775,Barranquilla,LFM,2,PR10,LFM/H:2/CODE
223776,Barranquilla,LFM,2,PR10,LFM/H:2/CODE
223781,Barranquilla,LFM,2,PR10,LFM/H:2/CODE
223783,Barranquilla,LFM,2,PR10,LFM/H:2/CODE
223790,Barranquilla,LFM,4,PR98,LFM/H:4/CODE
223997,Barranquilla,DUAL,16,PR10,DUAL/H:10+/CODE
225085,Barranquilla,LFM,2,PR10,LFM/H:2/CODE
225141,Barranquilla,LFM,2,PT10,LFM/H:2/CODE
225378,Barranquilla,DUAL,12,PR98,DUAL/H:10+/CODE
225396,Barranquilla,LFM,3,PR10,LFM/H:3/CODE
225404,Barranquilla,LFM,7,PR10,LFM/H:7/CODE
225417,Barranquilla,LFM,6,PR10,LFM/H:6/CODE
225434,Barranquilla,LFM,3,PR84,LFM/H:3/PRE-CODE
225458,Barranquilla,DUAL,10,PR10,DUAL/H:10+/CODE
225477,Barranquilla,DUAL,16,PR10,DUAL/H:10+/CODE
225484,Barranquilla,LFM,7,PR98,LFM/H:7/CODE
225498,Barranquilla,LFM,4,PR84,LFM/H:4/PRE-CODE
225513,Barranquilla,DUAL,10,PR10,DUAL/H:10+/CODE
225535,Barranquilla,LFM,4,PR98,LFM/H:4/CODE
225546,Barranquilla,DUAL,11,PR98,DUAL/H:10+/CODE
225550,Barranquilla,DUAL,16,PT10,DUAL/H:10+/CODE
225559,Barranquilla,DUAL,16,PT10,DUAL/H:10+/CODE
225586,Barranquilla,DUAL,12,PR98,DUAL/H:10+/CODE
225695,Barranquilla,LFM,2,PR84,LFM/H:2/PRE-CODE
225763,Barranquilla,LFM,4,PR98,LFM/H:4/CODE
225833,Barranquilla,LFM,4,PR84,LFM/H:4/PRE-CODE
225973,Barranquilla,LFM,4,PR98,LFM/H:4/CODE
226062,Barranquilla,DUAL,14,PR10,DUAL/H:10+/CODE
226066,Barranquilla,LFM,3,PR98,LFM/H:3/CODE
226294,Barranquilla,DUAL,12,PR10,DUAL/H:10+/CODE
226306,Barranquilla,LFM,7,PR10,LFM/H:7/CODE
226346,Barranquilla,LFM,5,PR98,LFM/H:5/CODE
226366,Barranquilla,DUAL,16,PR10,DUAL/H:10+/CODE
226397,Barranquilla,DUAL,16,PR10,DUAL/H:10+/CODE
226617,Barranquilla,LFM,2,PR10,LFM/H:2/CODE
226729,Barranquilla,DUAL,10,PT10,DUAL/H:10+/CODE
226778,Barranquilla,LFM,4,PR84,LFM/H:4/PRE-CODE
226801,Barranquilla,LFM,4,PR84,LFM/H:4/PRE-CODE
226976,Barranquilla,LFM,3,PR84,LFM/H:3/PRE-CODE
226991,Barranquilla,LFM,9,PR98,LFM/H:9/CODE
226993,Barranquilla,LFM,4,PR84,LFM/H:4/PRE-CODE
227013,Barranquilla,LFM,3,PT10,LFM/H:3/CODE
227018,Barranquilla,LFM,3,PR84,LFM/H:3/PRE-CODE
227148,Barranquilla,LFM,9,PR98,LFM/H:9/CODE
227166,Barranquilla,DUAL,9,PR10,DUAL/H:9/CODE
227191,Barranquilla,DUAL,12,PR10,DUAL/H:10+/CODE
227249,Barranquilla,DUAL,11,PR10,DUAL/H:10+/CODE
227898,Barranquilla,LFM,5,PR84,LFM/H:5/PRE-CODE
229280,Barranquilla,LFM,6,PR98,LFM/H:6/CODE
229289,Barranquilla,LFM,4,PR84,LFM/H:4/PRE-CODE
229296,Barranquilla,DUAL,13,PT10,DUAL/H:10+/CODE
229304,Barranquilla,DUAL,13,PR10,DUAL/H:10+/CODE
229323,Barranquilla,DUAL,10,PT10,DUAL/H:10+/CODE
229351,Barranquilla,DUAL,9,PT10,DUAL/H:9/CODE
229597,Barranquilla,DUAL,15,PR10,DUAL/H:10+/CODE
229934,Barranquilla,DUAL,12,PR10,DUAL/H:10+/CODE
229947,Barranquilla,DUAL,30,PT10,DUAL/H:10+/CODE
229961,Barranquilla,DUAL,19,PT10,DUAL/H:10+/CODE
229977,Barranquilla,LFM,8,PR98,LFM/H:8/CODE
229988,Barranquilla,LFM,3,PR98,LFM/H:3/CODE
229994,Barranquilla,DUAL,11,PR10,DUAL/H:10+/CODE
230007,Barranquilla,DUAL,10,PR10,DUAL/H:10+/CODE
230012,Barranquilla,DUAL,11,PT10,DUAL/H:10+/CODE
230049,Barranquilla,LFM,9,PR10,LFM/H:9/CODE
230079,Barranquilla,LFM,11,PR98,LFM/H:10+/CODE
230089,Barranquilla,LFM,2,PR84,LFM/H:2/PRE-CODE
230118,Barranquilla,LFM,2,PR84,LFM/H:2/PRE-CODE
230131,Barranquilla,LFM,2,PR10,LFM/H:2/CODE
230282,Barranquilla,LFM,2,PR10,LFM/H:2/CODE
230285,Barranquilla,DUAL,10,PT10,DUAL/H:10+/CODE
230337,Barranquilla,LFM,2,PR98,LFM/H:2/CODE
230344,Barranquilla,DUAL,15,PR10,DUAL/H:10+/CODE
230349,Barranquilla,LFM,2,PR98,LFM/H:2/CODE
230382,Barranquilla,LFM,2,PR10,LFM/H:2/CODE
230393,Barranquilla,LFM,2,PR98,LFM/H:2/CODE
230400,Barranquilla,LFM,2,PR10,LFM/H:2/CODE
230428,Barranquilla,LFM,2,PR10,LFM/H:2/CODE
230448,Barranquilla,LFM,2,PR10,LFM/H:2/CODE
230452,Barranquilla,LFM,2,PR10,LFM/H:2/CODE
230465,Barranquilla,LFM,2,PR10,LFM/H:2/CODE
230639,Barranquilla,LFM,2,PR98,LFM/H:2/CODE
230641,Barranquilla,LFM,2,PR98,LFM/H:2/CODE
231244,Barranquilla,LFM,6,PR10,LFM/H:6/CODE
231288,Barranquilla,LFM,4,PR98,LFM/H:4/CODE
231324,Barranquilla,LFM,2,PR84,LFM/H:2/PRE-CODE
231397,Barranquilla,LFM,3,PR84,LFM/H:3/PRE-CODE
231436,Barranquilla,LFM,6,PR98,LFM/H:6/CODE
231620,Barranquilla,LFM,4,PR98,LFM/H:4/CODE
231729,Barranquilla,LFM,4,PR84,LFM/H:4/PRE-CODE
231752,Barranquilla,LFM,4,PR84,LFM/H:4/PRE-CODE
231774,Barranquilla,LFM,2,PR84,LFM/H:2/PRE-CODE
231798,Barranquilla,LFM,4,PR98,LFM/H:4/CODE
231803,Barranquilla,LFM,4,PR84,LFM/H:4/PRE-CODE
231847,Barranquilla,LFM,2,PR10,LFM/H:2/CODE
232024,Barranquilla,LFM,3,PR98,LFM/H:3/CODE
232042,Barranquilla,LFM,5,PR98,LFM/H:5/CODE
232081,Barranquilla,LFM,3,PR98,LFM/H:3/CODE
232108,Barranquilla,LFM,4,PR98,LFM/H:4/CODE
232123,Barranquilla,LFM,5,PR98,LFM/H:5/CODE
232124,Barranquilla,LFM,4,PR98,LFM/H:4/CODE
232125,Barranquilla,LFM,6,PR98,LFM/H:6/CODE
232126,Barranquilla,LFM,4,PR84,LFM/H:4/PRE-CODE
232127,Barranquilla,LFM,4,PR84,LFM/H:4/PRE-CODE
232129,Barranquilla,LFM,5,PR98,LFM/H:5/CODE
232130,Barranquilla,LFM,4,PR84,LFM/H:4/PRE-CODE
232131,Barranquilla,LFM,3,PR98,LFM/H:3/CODE
232552,Barranquilla,TW,12,PR10,TW/H:10+/CODE
232562,Barranquilla,LFM,4,PR98,LFM/H:4/CODE
232653,Barranquilla,LFM,7,PR98,LFM/H:7/CODE
232711,Barranquilla,LFM,4,PR98,LFM/H:4/CODE
232713,Barranquilla,LFM,4,PR98,LFM/H:4/CODE
232739,Barranquilla,LFM,4,PR84,LFM/H:4/PRE-CODE
232758,Barranquilla,LFM,4,PR98,LFM/H:4/CODE
232801,Barranquilla,LFM,4,PR10,LFM/H:4/CODE
232828,Barranquilla,LFM,7,PR10,LFM/H:7/CODE
233131,Barranquilla,LFM,3,PT10,LFM/H:3/CODE
233137,Barranquilla,LFM,3,PR10,LFM/H:3/CODE
233149,Barranquilla,LFM,2,PR10,LFM/H:2/CODE
233419,Barranquilla,TW,15,PT10,TW/H:10+/CODE
234318,Barranquilla,LFM,4,PR98,LFM/H:4/CODE
234393,Barranquilla,LFM,5,PR98,LFM/H:5/CODE
234397,Barranquilla,LFM,2,PR10,LFM/H:2/CODE
234402,Barranquilla,LFM,5,PR84,LFM/H:5/PRE-CODE
234567,Barranquilla,LFM,3,PR98,LFM/H:3/CODE
234611,Barranquilla,LFM,3,PR98,LFM/H:3/CODE
234622,Barranquilla,LFM,4,PR98,LFM/H:4/CODE
235028,Barranquilla,LFM,4,PR84,LFM/H:4/PRE-CODE
235078,Barranquilla,LFM,3,PR98,LFM/H:3/CODE
235095,Barranquilla,LFM,4,PR84,LFM/H:4/PRE-CODE
235196,Barranquilla,LFM,3,PR98,LFM/H:3/CODE
235209,Barranquilla,LFM,3,PR98,LFM/H:3/CODE
235223,Barranquilla,LFM,2,PR10,LFM/H:2/CODE
235226,Barranquilla,LFM,3,PR98,LFM/H:3/CODE
235465,Barranquilla,LFM,3,PT10,LFM/H:3/CODE
235482,Barranquilla,LFM,3,PR10,LFM/H:3/CODE
235601,Barranquilla,LFM,5,PR84,LFM/H:5/PRE-CODE
235898,Barranquilla,LFM,4,PR98,LFM/H:4/CODE
235949,Barranquilla,LFM,2,PR98,LFM/H:2/CODE
236002,Barranquilla,LFM,2,PR98,LFM/H:2/CODE
236035,Barranquilla,LFM,2,PR98,LFM/H:2/CODE
236150,Barranquilla,LFM,2,PR98,LFM/H:2/CODE
236184,Barranquilla,LFM,3,PR98,LFM/H:3/CODE
236277,Barranquilla,LFM,2,PR98,LFM/H:2/CODE
236300,Barranquilla,TW,11,PR10,TW/H:10+/CODE
236334,Barranquilla,LFM,2,PR98,LFM/H:2/CODE
236339,Barranquilla,LFM,2,PR98,LFM/H:2/CODE
236351,Barranquilla,LFM,2,PR98,LFM/H:2/CODE
236368,Barranquilla,LFM,3,PT10,LFM/H:3/CODE
236377,Barranquilla,LFM,2,PR98,LFM/H:2/CODE
236416,Barranquilla,LFM,3,PR10,LFM/H:3/CODE
236420,Barranquilla,LFM,2,PR98,LFM/H:2/CODE
236431,Barranquilla,DUAL,10,PT10,DUAL/H:10+/CODE
236432,Barranquilla,LFM,2,PR98,LFM/H:2/CODE
236441,Barranquilla,LFM,4,PR98,LFM/H:4/CODE
236453,Barranquilla,LFM,3,PR10,LFM/H:3/CODE
236465,Barranquilla,LFM,2,PR98,LFM/H:2/CODE
236513,Barranquilla,DUAL,10,PR10,DUAL/H:10+/CODE
236515,Barranquilla,LFM,2,PR98,LFM/H:2/CODE
236519,Barranquilla,LFM,2,PR84,LFM/H:2/PRE-CODE
236545,Barranquilla,LFM,2,PR98,LFM/H:2/CODE
236550,Barranquilla,LFM,2,PR98,LFM/H:2/CODE
237346,Barranquilla,LFM,3,PR10,LFM/H:3/CODE
237352,Barranquilla,LFM,2,PR10,LFM/H:2/CODE
237368,Barranquilla,LFM,3,PR98,LFM/H:3/CODE
237802,Barranquilla,LFM,2,PR98,LFM/H:2/CODE
237824,Barranquilla,LFM,4,PR84,LFM/H:4/PRE-CODE
237856,Barranquilla,LFM,3,PR10,LFM/H:3/CODE
238067,Barranquilla,LFM,3,PR10,LFM/H:3/CODE
238078,Barranquilla,LFM,6,PT10,LFM/H:6/CODE
238087,Barranquilla,LFM,4,PR98,LFM/H:4/CODE
238111,Barranquilla,LFM,3,PR84,LFM/H:3/PRE-CODE
238113,Barranquilla,LFM,2,PR84,LFM/H:2/PRE-CODE
238177,Barranquilla,LFM,4,PR84,LFM/H:4/PRE-CODE
238192,Barranquilla,LFM,2,PR98,LFM/H:2/CODE
238216,Barranquilla,LFM,2,PR84,LFM/H:2/PRE-CODE
238225,Barranquilla,LFM,4,PR84,LFM/H:4/PRE-CODE
238303,Barranquilla,DUAL,12,PR84,DUAL/H:10+/PRE-CODE
238735,Barranquilla,LFM,4,PR84,LFM/H:4/PRE-CODE
238814,Barranquilla,LFM,3,PR98,LFM/H:3/CODE
238964,Barranquilla,LFM,4,PR84,LFM/H:4/PRE-CODE
238994,Barranquilla,LFM,3,PR98,LFM/H:3/CODE
239253,Barranquilla,LFM,2,PR84,LFM/H:2/PRE-CODE
239281,Barranquilla,LFM,7,PR98,LFM/H:7/CODE
240095,Barranquilla,LFM,3,PR98,LFM/H:3/CODE
240099,Barranquilla,DUAL,12,PR10,DUAL/H:10+/CODE
240114,Barranquilla,LFM,4,PR98,LFM/H:4/CODE
240123,Barranquilla,LFM,4,PR10,LFM/H:4/CODE
242270,Barranquilla,LFM,2,PR84,LFM/H:2/PRE-CODE
242425,Barranquilla,LFM,2,PR84,LFM/H:2/PRE-CODE
242464,Barranquilla,LFM,3,PR98,LFM/H:3/CODE
242538,Barranquilla,DUAL,8,PR98,DUAL/H:8/CODE
242544,Barranquilla,LFM,2,PR10,LFM/H:2/CODE
242554,Barranquilla,LFM,3,PR10,LFM/H:3/CODE
242576,Barranquilla,LFM,5,PR84,LFM/H:5/PRE-CODE
242646,Barranquilla,LFM,2,PR84,LFM/H:2/PRE-CODE
242689,Barranquilla,LFM,4,PR84,LFM/H:4/PRE-CODE
242762,Barranquilla,DUAL,12,PR10,DUAL/H:10+/CODE
242860,Barranquilla,LFM,4,PR98,LFM/H:4/CODE
242937,Barranquilla,LFM,4,PR10,LFM/H:4/CODE
242949,Barranquilla,LFM,4,PR84,LFM/H:4/PRE-CODE
242964,Barranquilla,LFM,3,PR84,LFM/H:3/PRE-CODE
242983,Barranquilla,LFM,6,PR10,LFM/H:6/CODE
242987,Barranquilla,DUAL,12,PR10,DUAL/H:10+/CODE
243297,Barranquilla,DUAL,10,PR10,DUAL/H:10+/CODE
243307,Barranquilla,LFM,4,PR84,LFM/H:4/PRE-CODE
243358,Barranquilla,LFM,2,PR10,LFM/H:2/CODE
243360,Barranquilla,LFM,3,PR98,LFM/H:3/CODE
243361,Barranquilla,LFM,2,PR84,LFM/H:2/PRE-CODE
243374,Barranquilla,LFM,3,PR98,LFM/H:3/CODE
243380,Barranquilla,LFM,3,PR98,LFM/H:3/CODE
243395,Barranquilla,LFM,2,PR10,LFM/H:2/CODE
243404,Barranquilla,LFM,2,PR98,LFM/H:2/CODE
243405,Barranquilla,LFM,2,PR98,LFM/H:2/CODE
243406,Barranquilla,LFM,2,PR98,LFM/H:2/CODE
243408,Barranquilla,LFM,2,PR98,LFM/H:2/CODE
245173,Barranquilla,LFM,2,PR10,LFM/H:2/CODE
245212,Barranquilla,LFM,5,PR10,LFM/H:5/CODE
245218,Barranquilla,LFM,2,PR98,LFM/H:2/CODE
245259,Barranquilla,LFM,3,PR98,LFM/H:3/CODE
245288,Barranquilla,DUAL,9,PR10,DUAL/H:9/CODE
245308,Barranquilla,LFM,4,PR84,LFM/H:4/PRE-CODE
245464,Barranquilla,DUAL,13,PR10,DUAL/H:10+/CODE
245496,Barranquilla,LFM,4,PR84,LFM/H:4/PRE-CODE
245638,Barranquilla,LFM,4,PR84,LFM/H:4/PRE-CODE
245673,Barranquilla,LFM,5,PR84,LFM/H:5/PRE-CODE
245681,Barranquilla,LFM,6,PR10,LFM/H:6/CODE
246049,Barranquilla,LFM,4,PR98,LFM/H:4/CODE
246059,Barranquilla,LFM,6,PR10,LFM/H:6/CODE
246063,Barranquilla,DUAL,7,PR10,DUAL/H:7/CODE
246071,Barranquilla,LFM,5,PR84,LFM/H:5/PRE-CODE
246111,Barranquilla,LFM,2,PR98,LFM/H:2/CODE
246115,Barranquilla,LFM,2,PR98,LFM/H:2/CODE
246142,Barranquilla,LFM,4,PR84,LFM/H:4/PRE-CODE
246155,Barranquilla,LFM,5,PR84,LFM/H:5/PRE-CODE
246172,Barranquilla,DUAL,10,PR10,DUAL/H:10+/CODE
246175,Barranquilla,LFM,6,PR10,LFM/H:6/CODE
246177,Barranquilla,LFM,2,PR10,LFM/H:2/CODE
246315,Barranquilla,DUAL,10,PR10,DUAL/H:10+/CODE
246324,Barranquilla,LFM,2,PR98,LFM/H:2/CODE
246338,Barranquilla,LFM,2,PR98,LFM/H:2/CODE
246377,Barranquilla,LFM,2,PR98,LFM/H:2/CODE
246378,Barranquilla,LFM,3,PR98,LFM/H:3/CODE
246422,Barranquilla,LFM,3,PR98,LFM/H:3/CODE
246427,Barranquilla,LFM,2,PR98,LFM/H:2/CODE
246436,Barranquilla,LFM,3,PR98,LFM/H:3/CODE
246446,Barranquilla,LFM,2,PR98,LFM/H:2/CODE
246482,Barranquilla,LFM,2,PR98,LFM/H:2/CODE
246485,Barranquilla,LFM,2,PR98,LFM/H:2/CODE
246501,Barranquilla,LFM,2,PR98,LFM/H:2/CODE
246535,Barranquilla,LFM,2,PR98,LFM/H:2/CODE
246590,Barranquilla,LFM,2,PR98,LFM/H:2/CODE
246595,Barranquilla,LFM,4,PR84,LFM/H:4/PRE-CODE
246605,Barranquilla,LFM,2,PR98,LFM/H:2/CODE
246606,Barranquilla,LFM,2,PR98,LFM/H:2/CODE
246608,Barranquilla,LFM,2,PR98,LFM/H:2/CODE
246616,Barranquilla,LFM,2,PR98,LFM/H:2/CODE
246636,Barranquilla,LFM,2,PR98,LFM/H:2/CODE
246669,Barranquilla,LFM,3,PR98,LFM/H:3/CODE
246713,Barranquilla,LFM,4,PR84,LFM/H:4/PRE-CODE
255468,Barranquilla,LFM,3,PR98,LFM/H:3/CODE
255478,Barranquilla,LFM,2,PR84,LFM/H:2/PRE-CODE
255534,Barranquilla,LFM,4,PR98,LFM/H:4/CODE
255559,Barranquilla,LFM,2,PR84,LFM/H:2/PRE-CODE
255569,Barranquilla,LFM,2,PR84,LFM/H:2/PRE-CODE
256077,Barranquilla,LFM,5,PR84,LFM/H:5/PRE-CODE
256078,Barranquilla,LFM,3,PR10,LFM/H:3/CODE
256092,Barranquilla,LFM,3,PR98,LFM/H:3/CODE
256094,Barranquilla,LFM,6,PR10,LFM/H:6/CODE
256129,Barranquilla,LFM,2,PR84,LFM/H:2/PRE-CODE
256296,Barranquilla,LFM,4,PR98,LFM/H:4/CODE
256311,Barranquilla,LFM,3,PR10,LFM/H:3/CODE
256315,Barranquilla,LFM,5,PR98,LFM/H:5/CODE
256333,Barranquilla,LFM,3,PR84,LFM/H:3/PRE-CODE
256334,Barranquilla,LFM,3,PR84,LFM/H:3/PRE-CODE
256336,Barranquilla,LFM,2,PR98,LFM/H:2/CODE
256344,Barranquilla,LFM,3,PR84,LFM/H:3/PRE-CODE
256636,Barranquilla,LFM,7,PR98,LFM/H:7/CODE
256688,Barranquilla,LFM,4,PR10,LFM/H:4/CODE
256724,Barranquilla,DUAL,10,PR98,DUAL/H:10+/CODE
256736,Barranquilla,LFM,4,PR84,LFM/H:4/PRE-CODE
256847,Barranquilla,LFM,5,PR84,LFM/H:5/PRE-CODE
257364,Barranquilla,DUAL,8,PR98,DUAL/H:8/CODE
257403,Barranquilla,DUAL,17,PR10,DUAL/H:10+/CODE
257498,Barranquilla,DUAL,13,PR98,DUAL/H:10+/CODE
257541,Barranquilla,DUAL,15,PR10,DUAL/H:10+/CODE
257554,Barranquilla,DUAL,14,PR10,DUAL/H:10+/CODE
257570,Barranquilla,DUAL,14,PR10,DUAL/H:10+/CODE
257584,Barranquilla,DUAL,9,PR98,DUAL/H:9/CODE
257722,Barranquilla,LFM,5,PR84,LFM/H:5/PRE-CODE
257763,Barranquilla,LFM,2,PR98,LFM/H:2/CODE
257771,Barranquilla,LFM,2,PR84,LFM/H:2/PRE-CODE
257801,Barranquilla,LFM,2,PR98,LFM/H:2/CODE
257897,Barranquilla,LFM,3,PR98,LFM/H:3/CODE
257907,Barranquilla,LFM,5,PR98,LFM/H:5/CODE
257914,Barranquilla,LFM,3,PR98,LFM/H:3/CODE
257928,Barranquilla,LFM,3,PR10,LFM/H:3/CODE
257932,Barranquilla,LFM,7,PR10,LFM/H:7/CODE
257941,Barranquilla,DUAL,9,PR10,DUAL/H:9/CODE
257998,Barranquilla,DUAL,9,PR10,DUAL/H:9/CODE
258027,Barranquilla,LFM,3,PR84,LFM/H:3/PRE-CODE
258044,Barranquilla,DUAL,8,PR10,DUAL/H:8/CODE
258082,Barranquilla,LFM,3,PT10,LFM/H:3/CODE
258099,Barranquilla,LFM,2,PR84,LFM/H:2/PRE-CODE
258317,Barranquilla,DUAL,8,PR10,DUAL/H:8/CODE
258641,Barranquilla,LFM,4,PR98,LFM/H:4/CODE
258643,Barranquilla,LFM,3,PR84,LFM/H:3/PRE-CODE
258645,Barranquilla,LFM,3,PR98,LFM/H:3/CODE
258648,Barranquilla,LFM,4,PR98,LFM/H:4/CODE
258725,Barranquilla,LFM,4,PR98,LFM/H:4/CODE
258869,Barranquilla,LFM,3,PR98,LFM/H:3/CODE
258901,Barranquilla,LFM,4,PR98,LFM/H:4/CODE
259003,Barranquilla,LFM,4,PR98,LFM/H:4/CODE
259005,Barranquilla,LFM,3,PR98,LFM/H:3/CODE
259006,Barranquilla,LFM,4,PR98,LFM/H:4/CODE
259011,Barranquilla,LFM,4,PR98,LFM/H:4/CODE
259033,Barranquilla,LFM,3,PR98,LFM/H:3/CODE
259037,Barranquilla,LFM,9,PT10,LFM/H:9/CODE
259059,Barranquilla,LFM,3,PT10,LFM/H:3/CODE
259272,Barranquilla,LFM,6,PR10,LFM/H:6/CODE
259290,Barranquilla,LFM,3,PR98,LFM/H:3/CODE
259292,Barranquilla,DUAL,12,PR10,DUAL/H:10+/CODE
259300,Barranquilla,LFM,5,PR84,LFM/H:5/PRE-CODE
259346,Barranquilla,LFM,4,PR98,LFM/H:4/CODE
259359,Barranquilla,LFM,5,PR98,LFM/H:5/CODE
259430,Barranquilla,LFM,3,PR98,LFM/H:3/CODE
259444,Barranquilla,LFM,3,PR98,LFM/H:3/CODE
259451,Barranquilla,DUAL,12,PT10,DUAL/H:10+/CODE
259483,Barranquilla,LFM,4,PR84,LFM/H:4/PRE-CODE
259799,Barranquilla,LFM,4,PR98,LFM/H:4/CODE
259805,Barranquilla,LFM,4,PR98,LFM/H:4/CODE
259874,Barranquilla,LFM,4,PR98,LFM/H:4/CODE
259888,Barranquilla,LFM,3,PR98,LFM/H:3/CODE
259921,Barranquilla,LFM,4,PR84,LFM/H:4/PRE-CODE
259949,Barranquilla,LFM,4,PR98,LFM/H:4/CODE
259980,Barranquilla,LFM,3,PR98,LFM/H:3/CODE
259983,Barranquilla,LFM,3,PR98,LFM/H:3/CODE
260012,Barranquilla,LFM,5,PR98,LFM/H:5/CODE
260017,Barranquilla,LFM,4,PR10,LFM/H:4/CODE
260081,Barranquilla,LFM,5,PR84,LFM/H:5/PRE-CODE
260087,Barranquilla,LFM,5,PR84,LFM/H:5/PRE-CODE
260101,Barranquilla,LFM,4,PR98,LFM/H:4/CODE
260189,Barranquilla,LFM,4,PR98,LFM/H:4/CODE
260191,Barranquilla,LFM,4,PR98,LFM/H:4/CODE
260205,Barranquilla,LFM,5,PR98,LFM/H:5/CODE
260213,Barranquilla,DUAL,15,PR10,DUAL/H:10+/CODE
260214,Barranquilla,LFM,2,PR98,LFM/H:2/CODE
260216,Barranquilla,DUAL,12,PR10,DUAL/H:10+/CODE
260267,Barranquilla,LFM,5,PR98,LFM/H:5/CODE
260270,Barranquilla,LFM,5,PR84,LFM/H:5/PRE-CODE
260306,Barranquilla,LFM,2,PR98,LFM/H:2/CODE
260313,Barranquilla,LFM,5,PR98,LFM/H:5/CODE
260319,Barranquilla,LFM,5,PR84,LFM/H:5/PRE-CODE
260324,Barranquilla,LFM,2,PR98,LFM/H:2/CODE
260338,Barranquilla,LFM,3,PR10,LFM/H:3/CODE
260725,Barranquilla,DUAL,9,PT10,DUAL/H:9/CODE
260764,Barranquilla,LFM,2,PR84,LFM/H:2/PRE-CODE
260770,Barranquilla,LFM,2,PR84,LFM/H:2/PRE-CODE
260776,Barranquilla,LFM,9,PT10,LFM/H:9/CODE
260894,Barranquilla,LFM,3,PR10,LFM/H:3/CODE
261052,Barranquilla,LFM,2,PR98,LFM/H:2/CODE
261082,Barranquilla,LFM,3,PR98,LFM/H:3/CODE
261097,Barranquilla,LFM,2,PR98,LFM/H:2/CODE
261101,Barranquilla,LFM,4,PR98,LFM/H:4/CODE
261124,Barranquilla,DUAL,13,PR10,DUAL/H:10+/CODE
261130,Barranquilla,LFM,5,PR84,LFM/H:5/PRE-CODE
261136,Barranquilla,LFM,2,PR98,LFM/H:2/CODE
261138,Barranquilla,LFM,2,PR98,LFM/H:2/CODE
261139,Barranquilla,LFM,2,PR98,LFM/H:2/CODE
261143,Barranquilla,LFM,2,PR98,LFM/H:2/CODE
261149,Barranquilla,LFM,2,PR98,LFM/H:2/CODE
261151,Barranquilla,LFM,4,PR10,LFM/H:4/CODE
261152,Barranquilla,LFM,2,PR98,LFM/H:2/CODE
261188,Barranquilla,LFM,3,PR10,LFM/H:3/CODE
261802,Barranquilla,LFM,6,PR10,LFM/H:6/CODE
261807,Barranquilla,LFM,3,PR10,LFM/H:3/CODE
261856,Barranquilla,DUAL,9,PT10,DUAL/H:9/CODE
261887,Barranquilla,LFM,3,PR10,LFM/H:3/CODE
261894,Barranquilla,LFM,3,PR98,LFM/H:3/CODE
261934,Barranquilla,LFM,3,PR10,LFM/H:3/CODE
262060,Barranquilla,LFM,5,PR98,LFM/H:5/CODE
262097,Barranquilla,LFM,4,PT10,LFM/H:4/CODE
266313,Barranquilla,LFM,4,PR10,LFM/H:4/CODE
266321,Barranquilla,LFM,3,PR10,LFM/H:3/CODE
266381,Barranquilla,LFM,3,PT10,LFM/H:3/CODE
266502,Barranquilla,DUAL,15,PT10,DUAL/H:10+/CODE
269957,Barranquilla,LFM,3,PR98,LFM/H:3/CODE
269974,Barranquilla,LFM,3,PT10,LFM/H:3/CODE
269980,Barranquilla,LFM,4,PR98,LFM/H:4/CODE
269985,Barranquilla,LFM,4,PR84,LFM/H:4/PRE-CODE
270588,Barranquilla,LFM,3,PR84,LFM/H:3/PRE-CODE
270906,Barranquilla,LFM,5,PT10,LFM/H:5/CODE
271142,Barranquilla,LFM,3,PR10,LFM/H:3/CODE
273504,Barranquilla,LFM,5,PR98,LFM/H:5/CODE
273522,Barranquilla,DUAL,10,PR10,DUAL/H:10+/CODE
273611,Barranquilla,DUAL,10,PT10,DUAL/H:10+/CODE
273672,Barranquilla,LFM,6,PR98,LFM/H:6/CODE
273674,Barranquilla,LFM,5,PR98,LFM/H:5/CODE
273679,Barranquilla,LFM,4,PR10,LFM/H:4/CODE
273682,Barranquilla,LFM,3,PT10,LFM/H:3/CODE
273720,Barranquilla,LFM,5,PR84,LFM/H:5/PRE-CODE
273723,Barranquilla,LFM,4,PR84,LFM/H:4/PRE-CODE
273735,Barranquilla,LFM,5,PR98,LFM/H:5/CODE
275139,Barranquilla,LFM,5,PR98,LFM/H:5/CODE
275146,Barranquilla,LFM,4,PR84,LFM/H:4/PRE-CODE
275180,Barranquilla,LFM,5,PR84,LFM/H:5/PRE-CODE
275206,Barranquilla,LFM,4,PR98,LFM/H:4/CODE
275216,Barranquilla,LFM,9,PT10,LFM/H:9/CODE
275247,Barranquilla,LFM,4,PR84,LFM/H:4/PRE-CODE
275297,Barranquilla,LFM,5,PR84,LFM/H:5/PRE-CODE
275320,Barranquilla,LFM,3,PR98,LFM/H:3/CODE
275323,Barranquilla,LFM,3,PR98,LFM/H:3/CODE
275403,Barranquilla,LFM,4,PR84,LFM/H:4/PRE-CODE
275560,Barranquilla,LFM,9,PR10,LFM/H:9/CODE
275704,Barranquilla,LFM,3,PR98,LFM/H:3/CODE
275713,Barranquilla,LFM,5,PR98,LFM/H:5/CODE
275732,Barranquilla,LFM,3,PR84,LFM/H:3/PRE-CODE
275738,Barranquilla,LFM,4,PR98,LFM/H:4/CODE
275792,Barranquilla,DUAL,10,PT10,DUAL/H:10+/CODE
276864,Barranquilla,LFM,4,PR84,LFM/H:4/PRE-CODE
276868,Barranquilla,LFM,4,PR84,LFM/H:4/PRE-CODE
278318,Barranquilla,LFM,4,PR10,LFM/H:4/CODE
278328,Barranquilla,LFM,4,PR98,LFM/H:4/CODE
278357,Barranquilla,LFM,4,PR98,LFM/H:4/CODE
278383,Barranquilla,LFM,5,PR98,LFM/H:5/CODE
278388,Barranquilla,LFM,5,PR98,LFM/H:5/CODE
278425,Barranquilla,LFM,5,PR98,LFM/H:5/CODE
278546,Barranquilla,DUAL,10,PT10,DUAL/H:10+/CODE
278558,Barranquilla,LFM,3,PT10,LFM/H:3/CODE
278571,Barranquilla,LFM,7,PR98,LFM/H:7/CODE
278691,Barranquilla,LFM,4,PR98,LFM/H:4/CODE
278696,Barranquilla,LFM,3,PR10,LFM/H:3/CODE
278698,Barranquilla,LFM,4,PR98,LFM/H:4/CODE
278708,Barranquilla,LFM,4,PR98,LFM/H:4/CODE
278715,Barranquilla,DUAL,9,PR10,DUAL/H:9/CODE
278717,Barranquilla,LFM,5,PR98,LFM/H:5/CODE
278772,Barranquilla,LFM,2,PR98,LFM/H:2/CODE
278776,Barranquilla,LFM,4,PR84,LFM/H:4/PRE-CODE
278783,Barranquilla,LFM,5,PR10,LFM/H:5/CODE
278923,Barranquilla,DUAL,10,PR10,DUAL/H:10+/CODE
278939,Barranquilla,LFM,3,PR10,LFM/H:3/CODE
278945,Barranquilla,LFM,5,PR98,LFM/H:5/CODE
278951,Barranquilla,DUAL,9,PT10,DUAL/H:9/CODE
278969,Barranquilla,LFM,6,PT10,LFM/H:6/CODE
279023,Barranquilla,LFM,6,PT10,LFM/H:6/CODE
279046,Barranquilla,LFM,4,PR98,LFM/H:4/CODE
280280,Barranquilla,LFM,4,PR98,LFM/H:4/CODE
280300,Barranquilla,LFM,3,PR98,LFM/H:3/CODE
280367,Barranquilla,LFM,4,PR98,LFM/H:4/CODE
280396,Barranquilla,LFM,3,PR10,LFM/H:3/CODE
280432,Barranquilla,LFM,3,PR10,LFM/H:3/CODE
280443,Barranquilla,LFM,4,PT10,LFM/H:4/CODE
280683,Barranquilla,LFM,4,PR98,LFM/H:4/CODE
280822,Barranquilla,LFM,3,PR10,LFM/H:3/CODE
280831,Barranquilla,LFM,3,PR98,LFM/H:3/CODE
280843,Barranquilla,LFM,2,PR98,LFM/H:2/CODE
281228,Barranquilla,LFM,3,PR98,LFM/H:3/CODE
281236,Barranquilla,LFM,2,PR98,LFM/H:2/CODE
281240,Barranquilla,LFM,3,PR10,LFM/H:3/CODE
281252,Barranquilla,LFM,2,PT10,LFM/H:2/CODE
281262,Barranquilla,LFM,3,PR10,LFM/H:3/CODE
281321,Barranquilla,LFM,3,PR10,LFM/H:3/CODE
281327,Barranquilla,LFM,3,PR10,LFM/H:3/CODE
281524,Barranquilla,LFM,2,PT10,LFM/H:2/CODE
281530,Barranquilla,LFM,2,PT10,LFM/H:2/CODE
281572,Barranquilla,LFM,4,PR98,LFM/H:4/CODE
281579,Barranquilla,LFM,4,PR10,LFM/H:4/CODE
281598,Barranquilla,LFM,2,PT10,LFM/H:2/CODE
281600,Barranquilla,LFM,2,PT10,LFM/H:2/CODE
281627,Barranquilla,LFM,2,PR98,LFM/H:2/CODE
281629,Barranquilla,LFM,3,PR10,LFM/H:3/CODE
281632,Barranquilla,LFM,3,PT10,LFM/H:3/CODE
281651,Barranquilla,LFM,4,PR84,LFM/H:4/PRE-CODE
281653,Barranquilla,LFM,4,PR98,LFM/H:4/CODE
281738,Barranquilla,LFM,3,PR10,LFM/H:3/CODE
281799,Barranquilla,LFM,4,PR98,LFM/H:4/CODE
281840,Barranquilla,LFM,5,PR84,LFM/H:5/PRE-CODE
281860,Barranquilla,LFM,6,PR84,LFM/H:6/PRE-CODE
281891,Barranquilla,LFM,3,PR98,LFM/H:3/CODE
282466,Barranquilla,LFM,4,PR84,LFM/H:4/PRE-CODE
282486,Barranquilla,LFM,5,PR98,LFM/H:5/CODE
282489,Barranquilla,LFM,5,PR98,LFM/H:5/CODE
282491,Barranquilla,LFM,6,PR98,LFM/H:6/CODE
282509,Barranquilla,LFM,7,PR98,LFM/H:7/CODE
282523,Barranquilla,LFM,5,PR98,LFM/H:5/CODE
282529,Barranquilla,LFM,4,PR84,LFM/H:4/PRE-CODE
282548,Barranquilla,LFM,4,PR84,LFM/H:4/PRE-CODE
282552,Barranquilla,LFM,4,PR84,LFM/H:4/PRE-CODE
282571,Barranquilla,LFM,4,PR98,LFM/H:4/CODE
282784,Barranquilla,LFM,4,PR98,LFM/H:4/CODE
282789,Barranquilla,LFM,4,PR98,LFM/H:4/CODE
282793,Barranquilla,LFM,4,PR98,LFM/H:4/CODE
282816,Barranquilla,DUAL,12,PT10,DUAL/H:10+/CODE
282830,Barranquilla,LFM,4,PR84,LFM/H:4/PRE-CODE
282837,Barranquilla,LFM,4,PR84,LFM/H:4/PRE-CODE
282844,Barranquilla,LFM,4,PR98,LFM/H:4/CODE
282847,Barranquilla,LFM,4,PR98,LFM/H:4/CODE
282852,Barranquilla,LFM,5,PR98,LFM/H:5/CODE
282856,Barranquilla,LFM,4,PR84,LFM/H:4/PRE-CODE
282861,Barranquilla,LFM,6,PR98,LFM/H:6/CODE
282924,Barranquilla,LFM,2,PR98,LFM/H:2/CODE
287220,Barranquilla,LFM,2,PR98,LFM/H:2/CODE
287234,Barranquilla,LFM,2,PR98,LFM/H:2/CODE
287236,Barranquilla,LFM,4,PR84,LFM/H:4/PRE-CODE
287238,Barranquilla,LFM,4,PR84,LFM/H:4/PRE-CODE
287241,Barranquilla,LFM,4,PR84,LFM/H:4/PRE-CODE
287242,Barranquilla,LFM,4,PR98,LFM/H:4/CODE
287244,Barranquilla,LFM,4,PR84,LFM/H:4/PRE-CODE
287246,Barranquilla,DUAL,17,PT10,DUAL/H:10+/CODE
287247,Barranquilla,LFM,5,PR98,LFM/H:5/CODE
287430,Barranquilla,LFM,4,PR84,LFM/H:4/PRE-CODE
287437,Barranquilla,LFM,2,PR84,LFM/H:2/PRE-CODE
287444,Barranquilla,LFM,4,PR98,LFM/H:4/CODE
287485,Barranquilla,LFM,4,PR84,LFM/H:4/PRE-CODE
287571,Barranquilla,DUAL,11,PR10,DUAL/H:10+/CODE
287612,Barranquilla,LFM,6,PR98,LFM/H:6/CODE
287646,Barranquilla,LFM,9,PR10,LFM/H:9/CODE
287656,Barranquilla,LFM,4,PR98,LFM/H:4/CODE
287673,Barranquilla,DUAL,12,PR10,DUAL/H:10+/CODE
288436,Barranquilla,LFM,2,PR98,LFM/H:2/CODE
288471,Barranquilla,LFM,4,PR84,LFM/H:4/PRE-CODE
288602,Barranquilla,LFM,5,PR98,LFM/H:5/CODE
294830,Barranquilla,LFM,5,PR84,LFM/H:5/PRE-CODE
294834,Barranquilla,DUAL,12,PR98,DUAL/H:10+/CODE
296624,Barranquilla,LFM,4,PR98,LFM/H:4/CODE
296750,Barranquilla,LFM,4,PR10,LFM/H:4/CODE
296852,Barranquilla,LFM,5,PR10,LFM/H:5/CODE
296900,Barranquilla,LFM,5,PR10,LFM/H:5/CODE
296920,Barranquilla,TW,5,PR10,TW/H:5/CODE
297015,Barranquilla,LFM,3,PR10,LFM/H:3/CODE
297115,Barranquilla,LFM,3,PR10,LFM/H:3/CODE
297156,Barranquilla,LFM,5,PT10,LFM/H:5/CODE
297201,Barranquilla,LFM,3,PR98,LFM/H:3/CODE
297206,Barranquilla,LFM,3,PR10,LFM/H:3/CODE
297284,Barranquilla,LFM,4,PR84,LFM/H:4/PRE-CODE
297347,Barranquilla,LFM,4,PR98,LFM/H:4/CODE
297366,Barranquilla,LFM,3,PR98,LFM/H:3/CODE
297911,Barranquilla,LFM,3,PR10,LFM/H:3/CODE
297920,Barranquilla,LFM,3,PR10,LFM/H:3/CODE
297926,Barranquilla,LFM,3,PR98,LFM/H:3/CODE
297931,Barranquilla,LFM,3,PR10,LFM/H:3/CODE
297959,Barranquilla,LFM,3,PR98,LFM/H:3/CODE
297972,Barranquilla,LFM,3,PR98,LFM/H:3/CODE
297973,Barranquilla,LFM,3,PR98,LFM/H:3/CODE
297974,Barranquilla,LFM,3,PR98,LFM/H:3/CODE
298116,Barranquilla,LFM,3,PR98,LFM/H:3/CODE
298677,Barranquilla,LFM,4,PR98,LFM/H:4/CODE
298686,Barranquilla,LFM,4,PR98,LFM/H:4/CODE
298812,Barranquilla,LFM,4,PR98,LFM/H:4/CODE
298813,Barranquilla,LFM,5,PR84,LFM/H:5/PRE-CODE
298816,Barranquilla,LFM,5,PR98,LFM/H:5/CODE
298817,Barranquilla,LFM,5,PR98,LFM/H:5/CODE
298818,Barranquilla,LFM,4,PR98,LFM/H:4/CODE
298821,Barranquilla,LFM,4,PR98,LFM/H:4/CODE
298834,Barranquilla,LFM,4,PR98,LFM/H:4/CODE
298848,Barranquilla,LFM,5,PR98,LFM/H:5/CODE
298865,Barranquilla,LFM,6,PR98,LFM/H:6/CODE
299087,Barranquilla,LFM,4,PR84,LFM/H:4/PRE-CODE
299137,Barranquilla,LFM,5,PR84,LFM/H:5/PRE-CODE
299141,Barranquilla,LFM,4,PR98,LFM/H:4/CODE
299152,Barranquilla,LFM,5,PR98,LFM/H:5/CODE
299260,Barranquilla,DUAL,9,PT10,DUAL/H:9/CODE
299291,Barranquilla,DUAL,10,PT10,DUAL/H:10+/CODE
299333,Barranquilla,LFM,6,PR10,LFM/H:6/CODE
299336,Barranquilla,LFM,4,PR84,LFM/H:4/PRE-CODE
299398,Barranquilla,LFM,4,PR98,LFM/H:4/CODE
299420,Barranquilla,LFM,5,PR98,LFM/H:5/CODE
299427,Barranquilla,LFM,4,PR98,LFM/H:4/CODE
299690,Barranquilla,TW,3,PR10,TW/H:3/CODE
299695,Barranquilla,TW,11,PT10,TW/H:10+/CODE
299706,Barranquilla,TW,11,PT10,TW/H:10+/CODE
299716,Barranquilla,TW,11,PT10,TW/H:10+/CODE
299718,Barranquilla,TW,11,PT10,TW/H:10+/CODE
299719,Barranquilla,TW,11,PT10,TW/H:10+/CODE
299722,Barranquilla,TW,10,PT10,TW/H:10+/CODE
299723,Barranquilla,TW,8,PT10,TW/H:8/CODE
299724,Barranquilla,TW,5,PT10,TW/H:5/CODE
299726,Barranquilla,TW,11,PT10,TW/H:10+/CODE
299729,Barranquilla,DUAL,11,PT10,DUAL/H:10+/CODE
327862,Barranquilla,TW,15,PT10,TW/H:10+/CODE
327861,Barranquilla,TW,15,PT10,TW/H:10+/CODE
327860,Barranquilla,TW,15,PT10,TW/H:10+/CODE
327859,Barranquilla,TW,15,PT10,TW/H:10+/CODE
327858,Barranquilla,TW,15,PT10,TW/H:10+/CODE
327857,Barranquilla,TW,18,PT10,TW/H:10+/CODE
327856,Barranquilla,TW,15,PT10,TW/H:10+/CODE
327855,Barranquilla,TW,20,PT10,TW/H:10+/CODE
327854,Barranquilla,TW,20,PT10,TW/H:10+/CODE
327853,Barranquilla,TW,18,PT10,TW/H:10+/CODE
327852,Barranquilla,TW,18,PT10,TW/H:10+/CODE
327851,Barranquilla,DUAL,20,PT10,DUAL/H:10+/CODE
327850,Barranquilla,DUAL,19,PT10,DUAL/H:10+/CODE
327849,Barranquilla,DUAL,19,PT10,DUAL/H:10+/CODE
327848,Barranquilla,TW,15,PT10,TW/H:10+/CODE
327847,Barranquilla,TW,15,PT10,TW/H:10+/CODE
327845,Barranquilla,DUAL,19,PT10,DUAL/H:10+/CODE
327844,Barranquilla,TW,10,PT10,TW/H:10+/CODE
327843,Barranquilla,TW,12,PT10,TW/H:10+/CODE
327842,Barranquilla,DUAL,10,PT10,DUAL/H:10+/CODE
327840,Barranquilla,DUAL,12,PT10,DUAL/H:10+/CODE
327839,Barranquilla,DUAL,11,PT10,DUAL/H:10+/CODE
327837,Barranquilla,TW,8,PT10,TW/H:8/CODE
327836,Barranquilla,TW,11,PT10,TW/H:10+/CODE
327835,Barranquilla,TW,5,PT10,TW/H:5/CODE
327834,Barranquilla,TW,5,PT10,TW/H:5/CODE
327833,Barranquilla,TW,5,PT10,TW/H:5/CODE
327832,Barranquilla,TW,5,PT10,TW/H:5/CODE
327831,Barranquilla,TW,5,PT10,TW/H:5/CODE
327830,Barranquilla,TW,5,PT10,TW/H:5/CODE
327829,Barranquilla,TW,5,PT10,TW/H:5/CODE
327828,Barranquilla,TW,5,PT10,TW/H:5/CODE
327827,Barranquilla,TW,12,PT10,TW/H:10+/CODE
327826,Barranquilla,TW,12,PT10,TW/H:10+/CODE
327825,Barranquilla,TW,12,PT10,TW/H:10+/CODE
327824,Barranquilla,TW,12,PT10,TW/H:10+/CODE
327823,Barranquilla,TW,12,PT10,TW/H:10+/CODE
327822,Barranquilla,TW,12,PT10,TW/H:10+/CODE
327821,Barranquilla,TW,12,PT10,TW/H:10+/CODE
327820,Barranquilla,TW,12,PT10,TW/H:10+/CODE
327819,Barranquilla,TW,12,PT10,TW/H:10+/CODE
327818,Barranquilla,TW,12,PT10,TW/H:10+/CODE
327817,Barranquilla,TW,12,PT10,TW/H:10+/CODE
327816,Barranquilla,TW,5,PT10,TW/H:5/CODE
327812,Barranquilla,TW,5,PT10,TW/H:5/CODE
327811,Barranquilla,TW,5,PT10,TW/H:5/CODE
327810,Barranquilla,TW,5,PT10,TW/H:5/CODE
327809,Barranquilla,TW,5,PT10,TW/H:5/CODE
327808,Barranquilla,TW,5,PT10,TW/H:5/CODE
327807,Barranquilla,TW,5,PT10,TW/H:5/CODE
327806,Barranquilla,TW,5,PT10,TW/H:5/CODE
327805,Barranquilla,TW,5,PT10,TW/H:5/CODE
327804,Barranquilla,TW,5,PT10,TW/H:5/CODE
327803,Barranquilla,TW,5,PT10,TW/H:5/CODE
327802,Barranquilla,TW,5,PT10,TW/H:5/CODE
327801,Barranquilla,TW,5,PT10,TW/H:5/CODE
327800,Barranquilla,TW,12,PT10,TW/H:10+/CODE
327799,Barranquilla,TW,12,PT10,TW/H:10+/CODE
327796,Barranquilla,TW,6,PT10,TW/H:6/CODE
327794,Barranquilla,TW,12,PT10,TW/H:10+/CODE
327793,Barranquilla,TW,12,PT10,TW/H:10+/CODE
327792,Barranquilla,TW,12,PT10,TW/H:10+/CODE
327791,Barranquilla,TW,12,PT10,TW/H:10+/CODE
327790,Barranquilla,TW,12,PT10,TW/H:10+/CODE
327789,Barranquilla,TW,12,PT10,TW/H:10+/CODE
327788,Barranquilla,TW,12,PT10,TW/H:10+/CODE
327787,Barranquilla,TW,12,PT10,TW/H:10+/CODE
327786,Barranquilla,TW,12,PT10,TW/H:10+/CODE
327785,Barranquilla,TW,12,PT10,TW/H:10+/CODE
327784,Barranquilla,TW,12,PT10,TW/H:10+/CODE
327783,Barranquilla,TW,12,PT10,TW/H:10+/CODE
327782,Barranquilla,TW,12,PT10,TW/H:10+/CODE
327781,Barranquilla,TW,12,PT10,TW/H:10+/CODE
327780,Barranquilla,TW,12,PT10,TW/H:10+/CODE
327779,Barranquilla,TW,12,PT10,TW/H:10+/CODE
327778,Barranquilla,TW,12,PT10,TW/H:10+/CODE
327777,Barranquilla,TW,12,PT10,TW/H:10+/CODE
327776,Barranquilla,TW,12,PT10,TW/H:10+/CODE
327775,Barranquilla,TW,12,PT10,TW/H:10+/CODE
327774,Barranquilla,TW,12,PT10,TW/H:10+/CODE
327773,Barranquilla,TW,12,PT10,TW/H:10+/CODE
327772,Barranquilla,TW,12,PT10,TW/H:10+/CODE
327771,Barranquilla,TW,12,PT10,TW/H:10+/CODE
327770,Barranquilla,TW,12,PT10,TW/H:10+/CODE
327769,Barranquilla,TW,12,PT10,TW/H:10+/CODE
327768,Barranquilla,TW,12,PT10,TW/H:10+/CODE
327767,Barranquilla,TW,12,PT10,TW/H:10+/CODE
327766,Barranquilla,TW,12,PT10,TW/H:10+/CODE
327765,Barranquilla,TW,12,PT10,TW/H:10+/CODE
327764,Barranquilla,TW,12,PT10,TW/H:10+/CODE
327763,Barranquilla,TW,12,PT10,TW/H:10+/CODE
327762,Barranquilla,TW,12,PT10,TW/H:10+/CODE
327761,Barranquilla,TW,12,PT10,TW/H:10+/CODE
327760,Barranquilla,TW,12,PT10,TW/H:10+/CODE
327759,Barranquilla,TW,12,PT10,TW/H:10+/CODE
327758,Barranquilla,TW,12,PT10,TW/H:10+/CODE
327757,Barranquilla,TW,12,PT10,TW/H:10+/CODE
327756,Barranquilla,TW,12,PT10,TW/H:10+/CODE
327755,Barranquilla,TW,12,PT10,TW/H:10+/CODE
327754,Barranquilla,TW,5,PT10,TW/H:5/CODE
327753,Barranquilla,TW,5,PT10,TW/H:5/CODE
327752,Barranquilla,TW,5,PT10,TW/H:5/CODE
327751,Barranquilla,TW,5,PT10,TW/H:5/CODE
327750,Barranquilla,TW,5,PT10,TW/H:5/CODE
327749,Barranquilla,TW,5,PT10,TW/H:5/CODE
327748,Barranquilla,TW,5,PT10,TW/H:5/CODE
327747,Barranquilla,TW,5,PT10,TW/H:5/CODE
327746,Barranquilla,TW,5,PT10,TW/H:5/CODE
327745,Barranquilla,TW,5,PT10,TW/H:5/CODE
327744,Barranquilla,TW,5,PT10,TW/H:5/CODE
327743,Barranquilla,TW,5,PT10,TW/H:5/CODE
327742,Barranquilla,TW,5,PT10,TW/H:5/CODE
327741,Barranquilla,TW,5,PT10,TW/H:5/CODE
327740,Barranquilla,TW,5,PT10,TW/H:5/CODE
327739,Barranquilla,TW,12,PT10,TW/H:10+/CODE
327738,Barranquilla,TW,12,PT10,TW/H:10+/CODE
327737,Barranquilla,TW,12,PT10,TW/H:10+/CODE
327736,Barranquilla,TW,12,PT10,TW/H:10+/CODE
327735,Barranquilla,TW,5,PT10,TW/H:5/CODE
327734,Barranquilla,TW,5,PT10,TW/H:5/CODE
327733,Barranquilla,TW,5,PT10,TW/H:5/CODE
327732,Barranquilla,TW,5,PT10,TW/H:5/CODE
327731,Barranquilla,TW,5,PT10,TW/H:5/CODE
327730,Barranquilla,TW,5,PT10,TW/H:5/CODE
327729,Barranquilla,TW,5,PT10,TW/H:5/CODE
327728,Barranquilla,TW,5,PT10,TW/H:5/CODE
327727,Barranquilla,TW,12,PT10,TW/H:10+/CODE
327726,Barranquilla,TW,5,PT10,TW/H:5/CODE
327725,Barranquilla,TW,5,PT10,TW/H:5/CODE
327724,Barranquilla,TW,5,PT10,TW/H:5/CODE
327723,Barranquilla,TW,5,PT10,TW/H:5/CODE
327722,Barranquilla,TW,5,PT10,TW/H:5/CODE
327719,Barranquilla,TW,5,PT10,TW/H:5/CODE
327718,Barranquilla,TW,5,PT10,TW/H:5/CODE
327717,Barranquilla,TW,5,PT10,TW/H:5/CODE
327716,Barranquilla,TW,5,PT10,TW/H:5/CODE
327715,Barranquilla,TW,5,PT10,TW/H:5/CODE
327714,Barranquilla,TW,5,PT10,TW/H:5/CODE
327713,Barranquilla,TW,5,PT10,TW/H:5/CODE
327712,Barranquilla,TW,5,PT10,TW/H:5/CODE
327711,Barranquilla,TW,5,PT10,TW/H:5/CODE
327710,Barranquilla,TW,5,PT10,TW/H:5/CODE
327708,Barranquilla,TW,5,PT10,TW/H:5/CODE
327705,Barranquilla,TW,5,PT10,TW/H:5/CODE
327704,Barranquilla,TW,5,PT10,TW/H:5/CODE
327703,Barranquilla,TW,5,PT10,TW/H:5/CODE
327699,Barranquilla,TW,5,PT10,TW/H:5/CODE
327698,Barranquilla,TW,5,PT10,TW/H:5/CODE
327697,Barranquilla,TW,5,PT10,TW/H:5/CODE
327696,Barranquilla,TW,12,PR10,TW/H:10+/CODE
327695,Barranquilla,TW,12,PR10,TW/H:10+/CODE
327694,Barranquilla,TW,12,PR10,TW/H:10+/CODE
327693,Barranquilla,TW,11,PT10,TW/H:10+/CODE
327692,Barranquilla,TW,11,PT10,TW/H:10+/CODE
327691,Barranquilla,TW,14,PT10,TW/H:10+/CODE
327690,Barranquilla,TW,11,PT10,TW/H:10+/CODE
327689,Barranquilla,TW,11,PT10,TW/H:10+/CODE
327688,Barranquilla,TW,11,PT10,TW/H:10+/CODE
327687,Barranquilla,TW,11,PT10,TW/H:10+/CODE
327686,Barranquilla,TW,11,PT10,TW/H:10+/CODE
327685,Barranquilla,TW,11,PT10,TW/H:10+/CODE
327684,Barranquilla,TW,11,PT10,TW/H:10+/CODE
327683,Barranquilla,TW,11,PT10,TW/H:10+/CODE
327682,Barranquilla,TW,11,PT10,TW/H:10+/CODE
327681,Barranquilla,TW,11,PT10,TW/H:10+/CODE
327680,Barranquilla,TW,11,PT10,TW/H:10+/CODE
327679,Barranquilla,TW,15,PT10,TW/H:10+/CODE
327678,Barranquilla,TW,15,PT10,TW/H:10+/CODE
327677,Barranquilla,TW,15,PT10,TW/H:10+/CODE
327676,Barranquilla,TW,15,PT10,TW/H:10+/CODE
327675,Barranquilla,TW,15,PT10,TW/H:10+/CODE
327674,Barranquilla,TW,15,PT10,TW/H:10+/CODE
327673,Barranquilla,TW,15,PT10,TW/H:10+/CODE
327672,Barranquilla,TW,11,PT10,TW/H:10+/CODE
327671,Barranquilla,TW,11,PT10,TW/H:10+/CODE
327670,Barranquilla,TW,11,PT10,TW/H:10+/CODE
327669,Barranquilla,TW,12,PR10,TW/H:10+/CODE
327668,Barranquilla,TW,11,PR10,TW/H:10+/CODE
327667,Barranquilla,TW,11,PR10,TW/H:10+/CODE
327666,Barranquilla,TW,11,PR10,TW/H:10+/CODE
327665,Barranquilla,TW,11,PR10,TW/H:10+/CODE
327664,Barranquilla,TW,11,PR10,TW/H:10+/CODE
327663,Barranquilla,TW,11,PR10,TW/H:10+/CODE
327662,Barranquilla,TW,11,PR10,TW/H:10+/CODE
327661,Barranquilla,TW,11,PT10,TW/H:10+/CODE
327660,Barranquilla,TW,11,PT10,TW/H:10+/CODE
327659,Barranquilla,TW,11,PT10,TW/H:10+/CODE
327658,Barranquilla,TW,15,PT10,TW/H:10+/CODE
327657,Barranquilla,TW,11,PT10,TW/H:10+/CODE
327656,Barranquilla,TW,11,PT10,TW/H:10+/CODE
327655,Barranquilla,TW,11,PT10,TW/H:10+/CODE
327654,Barranquilla,TW,11,PT10,TW/H:10+/CODE
327653,Barranquilla,TW,15,PT10,TW/H:10+/CODE
327652,Barranquilla,TW,11,PT10,TW/H:10+/CODE
327651,Barranquilla,TW,15,PT10,TW/H:10+/CODE
327650,Barranquilla,TW,11,PT10,TW/H:10+/CODE
327649,Barranquilla,TW,11,PT10,TW/H:10+/CODE
327648,Barranquilla,TW,15,PT10,TW/H:10+/CODE
327647,Barranquilla,TW,15,PT10,TW/H:10+/CODE
327646,Barranquilla,TW,15,PT10,TW/H:10+/CODE
327645,Barranquilla,TW,15,PT10,TW/H:10+/CODE
327644,Barranquilla,TW,15,PT10,TW/H:10+/CODE
327643,Barranquilla,TW,5,PT10,TW/H:5/CODE
327642,Barranquilla,TW,5,PT10,TW/H:5/CODE
327641,Barranquilla,TW,5,PT10,TW/H:5/CODE
327640,Barranquilla,TW,5,PT10,TW/H:5/CODE
327639,Barranquilla,TW,5,PT10,TW/H:5/CODE
327638,Barranquilla,TW,5,PT10,TW/H:5/CODE
327637,Barranquilla,TW,12,PT10,TW/H:10+/CODE
327636,Barranquilla,TW,12,PT10,TW/H:10+/CODE
327635,Barranquilla,TW,12,PT10,TW/H:10+/CODE
327634,Barranquilla,TW,12,PT10,TW/H:10+/CODE
327633,Barranquilla,TW,5,PT10,TW/H:5/CODE
327632,Barranquilla,TW,12,PT10,TW/H:10+/CODE
327631,Barranquilla,TW,5,PT10,TW/H:5/CODE
327630,Barranquilla,TW,10,PT10,TW/H:10+/CODE
327629,Barranquilla,TW,10,PT10,TW/H:10+/CODE
327628,Barranquilla,TW,10,PT10,TW/H:10+/CODE
327627,Barranquilla,TW,5,PT10,TW/H:5/CODE
327626,Barranquilla,TW,12,PT10,TW/H:10+/CODE
327625,Barranquilla,TW,12,PT10,TW/H:10+/CODE
327624,Barranquilla,TW,12,PT10,TW/H:10+/CODE
327623,Barranquilla,TW,12,PT10,TW/H:10+/CODE
327622,Barranquilla,TW,12,PT10,TW/H:10+/CODE
327621,Barranquilla,TW,12,PT10,TW/H:10+/CODE
327620,Barranquilla,TW,12,PT10,TW/H:10+/CODE
327619,Barranquilla,TW,12,PT10,TW/H:10+/CODE
327618,Barranquilla,TW,12,PT10,TW/H:10+/CODE
327617,Barranquilla,TW,12,PT10,TW/H:10+/CODE
327616,Barranquilla,TW,12,PT10,TW/H:10+/CODE
327614,Barranquilla,TW,12,PT10,TW/H:10+/CODE
327613,Barranquilla,TW,13,PT10,TW/H:10+/CODE
327612,Barranquilla,TW,15,PT10,TW/H:10+/CODE
327611,Barranquilla,TW,15,PT10,TW/H:10+/CODE
327610,Barranquilla,TW,15,PT10,TW/H:10+/CODE
327609,Barranquilla,TW,15,PT10,TW/H:10+/CODE
327608,Barranquilla,TW,15,PT10,TW/H:10+/CODE
327607,Barranquilla,TW,9,PT10,TW/H:9/CODE
327606,Barranquilla,TW,9,PT10,TW/H:9/CODE
327605,Barranquilla,TW,9,PT10,TW/H:9/CODE
327603,Barranquilla,TW,11,PT10,TW/H:10+/CODE
327602,Barranquilla,TW,11,PT10,TW/H:10+/CODE
327601,Barranquilla,TW,11,PT10,TW/H:10+/CODE
327600,Barranquilla,TW,11,PT10,TW/H:10+/CODE
327599,Barranquilla,TW,11,PT10,TW/H:10+/CODE
327598,Barranquilla,TW,11,PT10,TW/H:10+/CODE
327597,Barranquilla,TW,10,PT10,TW/H:10+/CODE
327596,Barranquilla,TW,10,PT10,TW/H:10+/CODE
327595,Barranquilla,TW,11,PT10,TW/H:10+/CODE
327594,Barranquilla,DUAL,12,PT10,DUAL/H:10+/CODE
327593,Barranquilla,DUAL,12,PT10,DUAL/H:10+/CODE
327452,Barranquilla,TW,5,PT10,TW/H:5/CODE
327451,Barranquilla,TW,5,PT10,TW/H:5/CODE
327450,Barranquilla,TW,5,PT10,TW/H:5/CODE
327449,Barranquilla,TW,5,PT10,TW/H:5/CODE
327448,Barranquilla,TW,5,PT10,TW/H:5/CODE
327447,Barranquilla,TW,5,PT10,TW/H:5/CODE
327446,Barranquilla,TW,5,PT10,TW/H:5/CODE
327445,Barranquilla,TW,5,PT10,TW/H:5/CODE
327444,Barranquilla,TW,5,PT10,TW/H:5/CODE
327443,Barranquilla,TW,5,PT10,TW/H:5/CODE
327442,Barranquilla,TW,5,PT10,TW/H:5/CODE
327441,Barranquilla,TW,5,PT10,TW/H:5/CODE
327440,Barranquilla,TW,5,PT10,TW/H:5/CODE
327439,Barranquilla,TW,5,PT10,TW/H:5/CODE
327438,Barranquilla,TW,5,PT10,TW/H:5/CODE
327437,Barranquilla,TW,5,PT10,TW/H:5/CODE
327422,Barranquilla,TW,5,PT10,TW/H:5/CODE
327420,Barranquilla,TW,5,PT10,TW/H:5/CODE
327419,Barranquilla,TW,5,PT10,TW/H:5/CODE
327418,Barranquilla,TW,5,PT10,TW/H:5/CODE
327417,Barranquilla,TW,5,PT10,TW/H:5/CODE
327416,Barranquilla,TW,5,PT10,TW/H:5/CODE
327415,Barranquilla,TW,5,PT10,TW/H:5/CODE
327414,Barranquilla,TW,5,PT10,TW/H:5/CODE
327412,Barranquilla,TW,5,PT10,TW/H:5/CODE
327410,Barranquilla,TW,5,PT10,TW/H:5/CODE
327408,Barranquilla,TW,5,PT10,TW/H:5/CODE
327407,Barranquilla,TW,5,PT10,TW/H:5/CODE
327405,Barranquilla,TW,5,PT10,TW/H:5/CODE
327402,Barranquilla,TW,5,PT10,TW/H:5/CODE
327395,Barranquilla,TW,5,PT10,TW/H:5/CODE
327394,Barranquilla,TW,5,PT10,TW/H:5/CODE
327392,Barranquilla,TW,5,PT10,TW/H:5/CODE
327391,Barranquilla,TW,5,PT10,TW/H:5/CODE
327388,Barranquilla,TW,5,PT10,TW/H:5/CODE
327384,Barranquilla,TW,5,PT10,TW/H:5/CODE
327382,Barranquilla,TW,5,PT10,TW/H:5/CODE
327380,Barranquilla,TW,5,PT10,TW/H:5/CODE
327376,Barranquilla,TW,5,PT10,TW/H:5/CODE
327374,Barranquilla,TW,5,PT10,TW/H:5/CODE
327370,Barranquilla,TW,5,PT10,TW/H:5/CODE
327366,Barranquilla,TW,5,PT10,TW/H:5/CODE
327364,Barranquilla,TW,5,PT10,TW/H:5/CODE
327361,Barranquilla,TW,5,PT10,TW/H:5/CODE
327358,Barranquilla,TW,5,PT10,TW/H:5/CODE
327357,Barranquilla,TW,5,PT10,TW/H:5/CODE
327356,Barranquilla,TW,5,PT10,TW/H:5/CODE
327355,Barranquilla,TW,5,PT10,TW/H:5/CODE
327354,Barranquilla,TW,5,PT10,TW/H:5/CODE
327353,Barranquilla,TW,5,PT10,TW/H:5/CODE
327352,Barranquilla,TW,5,PT10,TW/H:5/CODE
327351,Barranquilla,TW,8,PT10,TW/H:8/CODE
327350,Barranquilla,TW,8,PT10,TW/H:8/CODE
327349,Barranquilla,TW,8,PT10,TW/H:8/CODE
327348,Barranquilla,TW,8,PT10,TW/H:8/CODE
327347,Barranquilla,TW,8,PT10,TW/H:8/CODE
327346,Barranquilla,TW,8,PT10,TW/H:8/CODE
327345,Barranquilla,TW,8,PT10,TW/H:8/CODE
327344,Barranquilla,TW,8,PT10,TW/H:8/CODE
327343,Barranquilla,TW,8,PT10,TW/H:8/CODE
327342,Barranquilla,TW,5,PT10,TW/H:5/CODE
327341,Barranquilla,TW,5,PT10,TW/H:5/CODE
327340,Barranquilla,TW,5,PT10,TW/H:5/CODE
327337,Barranquilla,TW,5,PT10,TW/H:5/CODE
327334,Barranquilla,TW,8,PT10,TW/H:8/CODE
327333,Barranquilla,TW,8,PT10,TW/H:8/CODE
327332,Barranquilla,TW,8,PT10,TW/H:8/CODE
327331,Barranquilla,TW,8,PT10,TW/H:8/CODE
327330,Barranquilla,TW,8,PT10,TW/H:8/CODE
327329,Barranquilla,TW,8,PT10,TW/H:8/CODE
327328,Barranquilla,DUAL,30,PT10,DUAL/H:10+/CODE
327250,Barranquilla,TW,8,PT10,TW/H:8/CODE
327247,Barranquilla,TW,8,PT10,TW/H:8/CODE
327246,Barranquilla,TW,8,PT10,TW/H:8/CODE
327191,Barranquilla,DUAL,11,PT10,DUAL/H:10+/CODE
327190,Barranquilla,DUAL,11,PT10,DUAL/H:10+/CODE
327209,Barranquilla,TW,10,PT10,TW/H:10+/CODE
327208,Barranquilla,TW,11,PT10,TW/H:10+/CODE
327207,Barranquilla,TW,10,PT10,TW/H:10+/CODE
327206,Barranquilla,TW,10,PT10,TW/H:10+/CODE
327205,Barranquilla,TW,12,PT10,TW/H:10+/CODE
327204,Barranquilla,TW,12,PT10,TW/H:10+/CODE
327203,Barranquilla,TW,10,PT10,TW/H:10+/CODE
327201,Barranquilla,TW,10,PT10,TW/H:10+/CODE
327200,Barranquilla,TW,11,PT10,TW/H:10+/CODE
327199,Barranquilla,TW,11,PT10,TW/H:10+/CODE
327198,Barranquilla,TW,11,PT10,TW/H:10+/CODE
327197,Barranquilla,TW,11,PT10,TW/H:10+/CODE
327196,Barranquilla,TW,11,PT10,TW/H:10+/CODE
327195,Barranquilla,TW,11,PT10,TW/H:10+/CODE
327194,Barranquilla,TW,11,PT10,TW/H:10+/CODE
327193,Barranquilla,TW,11,PT10,TW/H:10+/CODE
327192,Barranquilla,TW,11,PT10,TW/H:10+/CODE
327189,Barranquilla,TW,11,PT10,TW/H:10+/CODE
327188,Barranquilla,TW,11,PT10,TW/H:10+/CODE
327187,Barranquilla,TW,11,PT10,TW/H:10+/CODE
327186,Barranquilla,TW,11,PT10,TW/H:10+/CODE
327185,Barranquilla,TW,11,PT10,TW/H:10+/CODE
327184,Barranquilla,TW,11,PT10,TW/H:10+/CODE
327183,Barranquilla,TW,11,PT10,TW/H:10+/CODE
327182,Barranquilla,TW,11,PT10,TW/H:10+/CODE
327181,Barranquilla,TW,11,PT10,TW/H:10+/CODE
327180,Barranquilla,TW,11,PT10,TW/H:10+/CODE
327179,Barranquilla,TW,8,PT10,TW/H:8/CODE
327178,Barranquilla,TW,8,PT10,TW/H:8/CODE
327177,Barranquilla,TW,8,PT10,TW/H:8/CODE
327176,Barranquilla,TW,8,PT10,TW/H:8/CODE
327175,Barranquilla,TW,8,PT10,TW/H:8/CODE
327174,Barranquilla,TW,11,PT10,TW/H:10+/CODE
327173,Barranquilla,TW,11,PT10,TW/H:10+/CODE
327172,Barranquilla,TW,8,PT10,TW/H:8/CODE
327171,Barranquilla,TW,8,PT10,TW/H:8/CODE
327170,Barranquilla,TW,8,PT10,TW/H:8/CODE
327169,Barranquilla,TW,8,PT10,TW/H:8/CODE
327056,Barranquilla,TW,5,PT10,TW/H:5/CODE
327054,Barranquilla,TW,5,PT10,TW/H:5/CODE
327053,Barranquilla,TW,5,PT10,TW/H:5/CODE
327052,Barranquilla,TW,5,PT10,TW/H:5/CODE
327051,Barranquilla,TW,5,PT10,TW/H:5/CODE
327050,Barranquilla,TW,5,PT10,TW/H:5/CODE
327049,Barranquilla,TW,5,PT10,TW/H:5/CODE
327048,Barranquilla,TW,5,PT10,TW/H:5/CODE
327047,Barranquilla,TW,5,PT10,TW/H:5/CODE
327046,Barranquilla,TW,5,PT10,TW/H:5/CODE
327044,Barranquilla,TW,5,PT10,TW/H:5/CODE
327043,Barranquilla,TW,5,PT10,TW/H:5/CODE
327042,Barranquilla,TW,5,PT10,TW/H:5/CODE
327041,Barranquilla,TW,5,PT10,TW/H:5/CODE
327040,Barranquilla,TW,5,PT10,TW/H:5/CODE
327039,Barranquilla,TW,5,PT10,TW/H:5/CODE
327038,Barranquilla,TW,5,PT10,TW/H:5/CODE
327037,Barranquilla,TW,5,PT10,TW/H:5/CODE
327036,Barranquilla,TW,5,PT10,TW/H:5/CODE
327035,Barranquilla,TW,5,PT10,TW/H:5/CODE
327034,Barranquilla,TW,5,PT10,TW/H:5/CODE
327033,Barranquilla,TW,5,PT10,TW/H:5/CODE
327032,Barranquilla,TW,5,PT10,TW/H:5/CODE
327031,Barranquilla,TW,5,PT10,TW/H:5/CODE
327030,Barranquilla,TW,5,PT10,TW/H:5/CODE
327028,Barranquilla,TW,5,PT10,TW/H:5/CODE
327027,Barranquilla,TW,5,PT10,TW/H:5/CODE
327026,Barranquilla,TW,5,PT10,TW/H:5/CODE
327025,Barranquilla,TW,5,PT10,TW/H:5/CODE
327024,Barranquilla,TW,5,PT10,TW/H:5/CODE
327023,Barranquilla,TW,5,PT10,TW/H:5/CODE
327022,Barranquilla,TW,5,PT10,TW/H:5/CODE
327021,Barranquilla,TW,5,PT10,TW/H:5/CODE
327020,Barranquilla,TW,5,PT10,TW/H:5/CODE
327019,Barranquilla,TW,5,PT10,TW/H:5/CODE
327018,Barranquilla,TW,5,PT10,TW/H:5/CODE
327017,Barranquilla,TW,5,PT10,TW/H:5/CODE
327016,Barranquilla,TW,5,PT10,TW/H:5/CODE
327015,Barranquilla,TW,5,PT10,TW/H:5/CODE
327014,Barranquilla,TW,5,PT10,TW/H:5/CODE
327013,Barranquilla,TW,5,PT10,TW/H:5/CODE
327012,Barranquilla,TW,5,PT10,TW/H:5/CODE
327011,Barranquilla,TW,5,PT10,TW/H:5/CODE
327010,Barranquilla,TW,5,PT10,TW/H:5/CODE
327009,Barranquilla,TW,5,PT10,TW/H:5/CODE
327008,Barranquilla,TW,5,PT10,TW/H:5/CODE
327007,Barranquilla,TW,5,PT10,TW/H:5/CODE
327006,Barranquilla,TW,5,PT10,TW/H:5/CODE
327005,Barranquilla,TW,5,PT10,TW/H:5/CODE
327004,Barranquilla,TW,5,PT10,TW/H:5/CODE
327003,Barranquilla,TW,5,PT10,TW/H:5/CODE
327002,Barranquilla,TW,5,PT10,TW/H:5/CODE
327001,Barranquilla,TW,5,PT10,TW/H:5/CODE
327000,Barranquilla,TW,5,PT10,TW/H:5/CODE
326999,Barranquilla,TW,5,PT10,TW/H:5/CODE
326998,Barranquilla,TW,5,PT10,TW/H:5/CODE
326997,Barranquilla,TW,5,PT10,TW/H:5/CODE
326996,Barranquilla,TW,5,PT10,TW/H:5/CODE
326994,Barranquilla,TW,5,PT10,TW/H:5/CODE
326992,Barranquilla,TW,5,PT10,TW/H:5/CODE
326991,Barranquilla,TW,5,PT10,TW/H:5/CODE
326990,Barranquilla,TW,5,PT10,TW/H:5/CODE
326989,Barranquilla,TW,5,PT10,TW/H:5/CODE
326988,Barranquilla,TW,5,PT10,TW/H:5/CODE
326987,Barranquilla,TW,5,PT10,TW/H:5/CODE
326986,Barranquilla,TW,5,PT10,TW/H:5/CODE
326985,Barranquilla,TW,5,PT10,TW/H:5/CODE
326984,Barranquilla,TW,5,PT10,TW/H:5/CODE
326983,Barranquilla,TW,5,PT10,TW/H:5/CODE
326982,Barranquilla,TW,5,PT10,TW/H:5/CODE
326981,Barranquilla,TW,5,PT10,TW/H:5/CODE
326980,Barranquilla,TW,5,PR10,TW/H:5/CODE
326979,Barranquilla,TW,5,PR10,TW/H:5/CODE
326978,Barranquilla,TW,5,PR10,TW/H:5/CODE
326977,Barranquilla,TW,5,PR10,TW/H:5/CODE
326976,Barranquilla,TW,5,PR10,TW/H:5/CODE
326975,Barranquilla,TW,5,PT10,TW/H:5/CODE
326974,Barranquilla,TW,5,PR10,TW/H:5/CODE
326973,Barranquilla,TW,5,PR10,TW/H:5/CODE
326972,Barranquilla,TW,5,PR10,TW/H:5/CODE
326971,Barranquilla,TW,5,PT10,TW/H:5/CODE
326970,Barranquilla,TW,5,PR10,TW/H:5/CODE
326969,Barranquilla,TW,5,PR10,TW/H:5/CODE
326968,Barranquilla,TW,5,PR10,TW/H:5/CODE
326967,Barranquilla,TW,5,PR10,TW/H:5/CODE
326966,Barranquilla,TW,5,PR10,TW/H:5/CODE
326965,Barranquilla,TW,5,PR10,TW/H:5/CODE
326964,Barranquilla,TW,11,PT10,TW/H:10+/CODE
326963,Barranquilla,TW,11,PT10,TW/H:10+/CODE
326962,Barranquilla,TW,11,PT10,TW/H:10+/CODE
326961,Barranquilla,TW,11,PT10,TW/H:10+/CODE
326876,Barranquilla,TW,5,PR10,TW/H:5/CODE
326875,Barranquilla,TW,5,PR10,TW/H:5/CODE
326874,Barranquilla,TW,5,PR10,TW/H:5/CODE
326873,Barranquilla,TW,5,PR10,TW/H:5/CODE
326872,Barranquilla,TW,5,PR10,TW/H:5/CODE
326871,Barranquilla,TW,5,PR10,TW/H:5/CODE
175146,Cartagena,LFM,6,PR10,LFM/H:6/CODE
174912,Cartagena,LFM,10,PT10,LFM/H:10+/CODE
174729,Cartagena,LFM,12,PT10,LFM/H:10+/CODE
174585,Cartagena,LFM,10,PR10,LFM/H:10+/CODE
174453,Cartagena,LFM,8,PR10,LFM/H:8/CODE
174030,Cartagena,LFM,2,PR10,LFM/H:2/CODE
173872,Cartagena,LFM,6,PR98,LFM/H:6/CODE
173070,Cartagena,LFM,7,PR10,LFM/H:7/CODE
173039,Cartagena,LFM,4,PR10,LFM/H:4/CODE
173034,Cartagena,LFM,4,PR10,LFM/H:4/CODE
171644,Cartagena,LFM,8,PR10,LFM/H:8/CODE
171639,Cartagena,LFM,4,PR10,LFM/H:4/CODE
170619,Cartagena,LFM,4,PR10,LFM/H:4/CODE
170576,Cartagena,LFM,4,PR98,LFM/H:4/CODE
170157,Cartagena,LFM,8,PR98,LFM/H:8/CODE
170147,Cartagena,LFM,4,PR98,LFM/H:4/CODE
170132,Cartagena,LFM,4,PR10,LFM/H:4/CODE
170069,Cartagena,LFM,7,PR10,LFM/H:7/CODE
169757,Cartagena,LFM,4,PR10,LFM/H:4/CODE
169429,Cartagena,LFM,6,PR10,LFM/H:6/CODE
169280,Cartagena,LFM,4,PR10,LFM/H:4/CODE
169277,Cartagena,LFM,5,PR10,LFM/H:5/CODE
169233,Cartagena,LFM,5,PR98,LFM/H:5/CODE
168943,Cartagena,LFM,2,PR98,LFM/H:2/CODE
168544,Cartagena,LFM,3,PR98,LFM/H:3/CODE
168409,Cartagena,LFM,4,PR10,LFM/H:4/CODE
138252,Cartagena,LFM,19,PR84,LFM/H:10+/PRE-CODE
154516,Cartagena,LFM,2,PR98,LFM/H:2/CODE
153816,Cartagena,LFM,5,PR98,LFM/H:5/CODE
153811,Cartagena,LFM,6,PR98,LFM/H:6/CODE
153801,Cartagena,LFM,4,PR10,LFM/H:4/CODE
153785,Cartagena,LFM,5,PR10,LFM/H:5/CODE
153298,Cartagena,LFM,3,PR98,LFM/H:3/CODE
153288,Cartagena,LFM,4,PR98,LFM/H:4/CODE
153283,Cartagena,LFM,5,PR98,LFM/H:5/CODE
151943,Cartagena,LFM,6,PR98,LFM/H:6/CODE
151875,Cartagena,LFM,3,PR10,LFM/H:3/CODE
107128,Cartagena,LFM,2,PR10,LFM/H:2/CODE
106665,Cartagena,LFM,10,PR98,LFM/H:10+/CODE
106271,Cartagena,LFM,4,PR98,LFM/H:4/CODE
106234,Cartagena,LFM,4,PR98,LFM/H:4/CODE
105150,Cartagena,LFM,7,PR10,LFM/H:7/CODE
105048,Cartagena,LFM,10,PT10,LFM/H:10+/CODE
105012,Cartagena,LFM,5,PR10,LFM/H:5/CODE
105002,Cartagena,LFM,6,PR10,LFM/H:6/CODE
104947,Cartagena,LFM,16,PT10,LFM/H:10+/CODE
175097,Cartagena,LFM,22,PT10,LFM/H:10+/CODE
175034,Cartagena,LFM,13,PT10,LFM/H:10+/CODE
175015,Cartagena,LFM,14,PR10,LFM/H:10+/CODE
175009,Cartagena,LFM,13,PR10,LFM/H:10+/CODE
174988,Cartagena,LFM,13,PT10,LFM/H:10+/CODE
174890,Cartagena,LFM,15,PT10,LFM/H:10+/CODE
174881,Cartagena,LFM,19,PT10,LFM/H:10+/CODE
174726,Cartagena,LFM,11,PT10,LFM/H:10+/CODE
174705,Cartagena,LFM,14,PR10,LFM/H:10+/CODE
174702,Cartagena,LFM,21,PR10,LFM/H:10+/CODE
174648,Cartagena,LFM,14,PR10,LFM/H:10+/CODE
174630,Cartagena,LFM,22,PT10,LFM/H:10+/CODE
174062,Cartagena,LFM,16,PR10,LFM/H:10+/CODE
174026,Cartagena,LFM,12,PR10,LFM/H:10+/CODE
173072,Cartagena,LFM,17,PR10,LFM/H:10+/CODE
173043,Cartagena,LFM,15,PR10,LFM/H:10+/CODE
173032,Cartagena,LFM,16,PR10,LFM/H:10+/CODE
172933,Cartagena,LFM,12,PR10,LFM/H:10+/CODE
172920,Cartagena,LFM,21,PR10,LFM/H:10+/CODE
172912,Cartagena,LFM,10,PR10,LFM/H:10+/CODE
171802,Cartagena,LFM,2,PR10,LFM/H:2/CODE
170616,Cartagena,LFM,13,PR10,LFM/H:10+/CODE
169414,Cartagena,LFM,10,PR10,LFM/H:10+/CODE
169412,Cartagena,LFM,10,PR10,LFM/H:10+/CODE
169264,Cartagena,LFM,22,PT10,LFM/H:10+/CODE
169200,Cartagena,LFM,13,PR10,LFM/H:10+/CODE
168834,Cartagena,LFM,19,PR10,LFM/H:10+/CODE
168225,Cartagena,LFM,13,PR10,LFM/H:10+/CODE
167891,Cartagena,LFM,2,PT10,LFM/H:2/CODE
161375,Cartagena,LFM,2,PT10,LFM/H:2/CODE
155945,Cartagena,LFM,17,PR84,LFM/H:10+/PRE-CODE
106664,Cartagena,LFM,17,PR84,LFM/H:10+/PRE-CODE
156471,Cartagena,LFM,16,PR84,LFM/H:10+/PRE-CODE
155969,Cartagena,LFM,16,PR84,LFM/H:10+/PRE-CODE
106199,Cartagena,LFM,16,PR84,LFM/H:10+/PRE-CODE
107136,Cartagena,LFM,15,PR84,LFM/H:10+/PRE-CODE
158069,Cartagena,LFM,2,PR98,LFM/H:2/CODE
156557,Cartagena,LFM,14,PR84,LFM/H:10+/PRE-CODE
106676,Cartagena,LFM,7,PR84,LFM/H:7/PRE-CODE
157941,Cartagena,LFM,6,PR84,LFM/H:6/PRE-CODE
157931,Cartagena,LFM,6,PR84,LFM/H:6/PRE-CODE
158000,Cartagena,LFM,12,PR98,LFM/H:10+/CODE
157982,Cartagena,LFM,4,PR98,LFM/H:4/CODE
156063,Cartagena,LFM,6,PR84,LFM/H:6/PRE-CODE
174005,Cartagena,LFM,5,PR84,LFM/H:5/PRE-CODE
157936,Cartagena,LFM,27,PR10,LFM/H:10+/CODE
156118,Cartagena,LFM,5,PR84,LFM/H:5/PRE-CODE
157918,Cartagena,LFM,2,PR10,LFM/H:2/CODE
156085,Cartagena,LFM,5,PR84,LFM/H:5/PRE-CODE
157884,Cartagena,LFM,36,PR10,LFM/H:10+/CODE
157803,Cartagena,LFM,19,PR10,LFM/H:10+/CODE
158064,Cartagena,LFM,4,PR84,LFM/H:4/PRE-CODE
131583,Cartagena,LFM,3,PR98,LFM/H:3/CODE
156612,Cartagena,LFM,15,PR10,LFM/H:10+/CODE
156590,Cartagena,LFM,2,PR98,LFM/H:2/CODE
156584,Cartagena,LFM,18,PR10,LFM/H:10+/CODE
156092,Cartagena,LFM,4,PR84,LFM/H:4/PRE-CODE
158187,Cartagena,LFM,3,PR84,LFM/H:3/PRE-CODE
158182,Cartagena,LFM,3,PR84,LFM/H:3/PRE-CODE
158075,Cartagena,LFM,3,PR84,LFM/H:3/PRE-CODE
156554,Cartagena,LFM,13,PR98,LFM/H:10+/CODE
156544,Cartagena,LFM,3,PR98,LFM/H:3/CODE
156540,Cartagena,LFM,16,PR98,LFM/H:10+/CODE
156586,Cartagena,LFM,3,PR84,LFM/H:3/PRE-CODE
156454,Cartagena,LFM,3,PR98,LFM/H:3/CODE
156070,Cartagena,LFM,3,PR84,LFM/H:3/PRE-CODE
156049,Cartagena,LFM,3,PR84,LFM/H:3/PRE-CODE
155987,Cartagena,LFM,3,PR84,LFM/H:3/PRE-CODE
158170,Cartagena,LFM,2,PR84,LFM/H:2/PRE-CODE
156193,Cartagena,LFM,2,PR10,LFM/H:2/CODE
158094,Cartagena,LFM,2,PR84,LFM/H:2/PRE-CODE
158060,Cartagena,LFM,2,PR84,LFM/H:2/PRE-CODE
158047,Cartagena,LFM,2,PR84,LFM/H:2/PRE-CODE
158043,Cartagena,LFM,2,PR84,LFM/H:2/PRE-CODE
157970,Cartagena,LFM,2,PR84,LFM/H:2/PRE-CODE
156115,Cartagena,LFM,2,PR98,LFM/H:2/CODE
157892,Cartagena,LFM,2,PR84,LFM/H:2/PRE-CODE
156177,Cartagena,LFM,2,PR84,LFM/H:2/PRE-CODE
156173,Cartagena,LFM,2,PR84,LFM/H:2/PRE-CODE
156166,Cartagena,LFM,2,PR84,LFM/H:2/PRE-CODE
156155,Cartagena,LFM,2,PR84,LFM/H:2/PRE-CODE
156134,Cartagena,LFM,2,PR84,LFM/H:2/PRE-CODE
156081,Cartagena,LFM,2,PR84,LFM/H:2/PRE-CODE
155772,Cartagena,LFM,20,PR98,LFM/H:10+/CODE
155768,Cartagena,LFM,17,PR10,LFM/H:10+/CODE
155759,Cartagena,LFM,28,PT10,LFM/H:10+/CODE
155750,Cartagena,LFM,2,PR98,LFM/H:2/CODE
155730,Cartagena,LFM,2,PR98,LFM/H:2/CODE
155590,Cartagena,LFM,16,PT10,LFM/H:10+/CODE
155565,Cartagena,LFM,3,PR98,LFM/H:3/CODE
155412,Cartagena,LFM,42,PR10,LFM/H:10+/CODE
155291,Cartagena,LFM,31,PR10,LFM/H:10+/CODE
155241,Cartagena,LFM,7,PR10,LFM/H:7/CODE
155235,Cartagena,LFM,6,PR10,LFM/H:6/CODE
156033,Cartagena,LFM,2,PR84,LFM/H:2/PRE-CODE
106049,Cartagena,LFM,21,PR10,LFM/H:10+/CODE
154377,Cartagena,LFM,2,PR98,LFM/H:2/CODE
154189,Cartagena,LFM,2,PR98,LFM/H:2/CODE
153815,Cartagena,LFM,2,PR98,LFM/H:2/CODE
153808,Cartagena,LFM,10,PR10,LFM/H:10+/CODE
153804,Cartagena,LFM,4,PR10,LFM/H:4/CODE
153736,Cartagena,LFM,2,PR98,LFM/H:2/CODE
153418,Cartagena,LFM,2,PR98,LFM/H:2/CODE
153366,Cartagena,LFM,3,PR98,LFM/H:3/CODE
153344,Cartagena,LFM,2,PR98,LFM/H:2/CODE
153269,Cartagena,LFM,2,PR98,LFM/H:2/CODE
153241,Cartagena,LFM,22,PR10,LFM/H:10+/CODE
153231,Cartagena,LFM,2,PR10,LFM/H:2/CODE
153179,Cartagena,LFM,4,PR10,LFM/H:4/CODE
152049,Cartagena,LFM,6,PR10,LFM/H:6/CODE
152041,Cartagena,LFM,3,PR10,LFM/H:3/CODE
151870,Cartagena,LFM,3,PR10,LFM/H:3/CODE
151813,Cartagena,LFM,2,PR10,LFM/H:2/CODE
151768,Cartagena,LFM,15,PR10,LFM/H:10+/CODE
151748,Cartagena,LFM,2,PR98,LFM/H:2/CODE
151705,Cartagena,LFM,2,PR10,LFM/H:2/CODE
151627,Cartagena,LFM,2,PR10,LFM/H:2/CODE
151605,Cartagena,LFM,2,PR84,LFM/H:2/PRE-CODE
151595,Cartagena,LFM,2,PR98,LFM/H:2/CODE
151591,Cartagena,LFM,2,PR98,LFM/H:2/CODE
151414,Cartagena,LFM,2,PR10,LFM/H:2/CODE
150379,Cartagena,LFM,22,PR10,LFM/H:10+/CODE
136025,Cartagena,LFM,4,PR10,LFM/H:4/CODE
106694,Cartagena,LFM,22,PT10,LFM/H:10+/CODE
106683,Cartagena,LFM,14,PR98,LFM/H:10+/CODE
150449,Cartagena,LFM,13,PR10,LFM/H:10+/CODE
150420,Cartagena,LFM,18,PR10,LFM/H:10+/CODE
150397,Cartagena,LFM,15,PR10,LFM/H:10+/CODE
150388,Cartagena,LFM,12,PR10,LFM/H:10+/CODE
150364,Cartagena,LFM,16,PR10,LFM/H:10+/CODE
150350,Cartagena,LFM,40,PT10,LFM/H:10+/CODE
150324,Cartagena,LFM,16,PR10,LFM/H:10+/CODE
150301,Cartagena,LFM,20,PR10,LFM/H:10+/CODE
150247,Cartagena,LFM,28,PR10,LFM/H:10+/CODE
150134,Cartagena,LFM,6,PR10,LFM/H:6/CODE
150127,Cartagena,LFM,10,PR10,LFM/H:10+/CODE
149814,Cartagena,LFM,12,PR10,LFM/H:10+/CODE
149766,Cartagena,LFM,3,PR10,LFM/H:3/CODE
149765,Cartagena,LFM,3,PR98,LFM/H:3/CODE
145162,Cartagena,LFM,3,PR10,LFM/H:3/CODE
145154,Cartagena,LFM,3,PR10,LFM/H:3/CODE
142597,Cartagena,LFM,3,PR10,LFM/H:3/CODE
139298,Cartagena,LFM,19,PR98,LFM/H:10+/CODE
139254,Cartagena,LFM,4,PR10,LFM/H:4/CODE
139234,Cartagena,LFM,4,PR98,LFM/H:4/CODE
139228,Cartagena,LFM,4,PR98,LFM/H:4/CODE
139167,Cartagena,LFM,17,PR10,LFM/H:10+/CODE
139139,Cartagena,LFM,3,PR98,LFM/H:3/CODE
139133,Cartagena,LFM,4,PR98,LFM/H:4/CODE
138462,Cartagena,LFM,2,PR10,LFM/H:2/CODE
138376,Cartagena,LFM,4,PR10,LFM/H:4/CODE
138119,Cartagena,LFM,3,PR10,LFM/H:3/CODE
137913,Cartagena,LFM,2,PR10,LFM/H:2/CODE
137886,Cartagena,LFM,2,PR98,LFM/H:2/CODE
110061,Cartagena,LFM,2,PR98,LFM/H:2/CODE
107345,Cartagena,LFM,4,PR10,LFM/H:4/CODE
107138,Cartagena,LFM,19,PT10,LFM/H:10+/CODE
107137,Cartagena,LFM,11,PR10,LFM/H:10+/CODE
107122,Cartagena,LFM,28,PT10,LFM/H:10+/CODE
106702,Cartagena,LFM,2,PR10,LFM/H:2/CODE
106700,Cartagena,LFM,7,PR10,LFM/H:7/CODE
106688,Cartagena,LFM,45,PR10,LFM/H:10+/CODE
106679,Cartagena,LFM,12,PR98,LFM/H:10+/CODE
106678,Cartagena,LFM,2,PR98,LFM/H:2/CODE
106669,Cartagena,LFM,5,PR98,LFM/H:5/CODE
106668,Cartagena,LFM,19,PT10,LFM/H:10+/CODE
106663,Cartagena,LFM,10,PR98,LFM/H:10+/CODE
106267,Cartagena,LFM,11,PR10,LFM/H:10+/CODE
106262,Cartagena,LFM,23,PR10,LFM/H:10+/CODE
106260,Cartagena,LFM,16,PR10,LFM/H:10+/CODE
106243,Cartagena,LFM,22,PR10,LFM/H:10+/CODE
106233,Cartagena,LFM,12,PR10,LFM/H:10+/CODE
106112,Cartagena,LFM,10,PR10,LFM/H:10+/CODE
105896,Cartagena,LFM,9,PR10,LFM/H:9/CODE
105869,Cartagena,LFM,2,PR98,LFM/H:2/CODE
105860,Cartagena,LFM,2,PR98,LFM/H:2/CODE
105756,Cartagena,LFM,2,PR10,LFM/H:2/CODE
105698,Cartagena,LFM,3,PR10,LFM/H:3/CODE
105687,Cartagena,LFM,2,PR98,LFM/H:2/CODE
105675,Cartagena,LFM,20,PT10,LFM/H:10+/CODE
105589,Cartagena,LFM,4,PR98,LFM/H:4/CODE
105522,Cartagena,LFM,46,PT10,LFM/H:10+/CODE
105473,Cartagena,LFM,19,PT10,LFM/H:10+/CODE
105281,Cartagena,LFM,16,PT10,LFM/H:10+/CODE
105130,Cartagena,LFM,28,PT10,LFM/H:10+/CODE
105027,Cartagena,LFM,10,PT10,LFM/H:10+/CODE
103812,Cartagena,LFM,5,PR10,LFM/H:5/CODE
259594,Santa Marta,LFM,5,PT10,LFM/H:5/CODE
255873,Santa Marta,LFM,2,PR10,LFM/H:2/CODE
255856,Santa Marta,LFM,5,PR98,LFM/H:5/CODE
247120,Santa Marta,LFM,4,PR10,LFM/H:4/CODE
234698,Santa Marta,LFM,4,PR98,LFM/H:4/CODE
232873,Santa Marta,LFM,2,PR84,LFM/H:2/PRE-CODE
232850,Santa Marta,LFM,2,PR84,LFM/H:2/PRE-CODE
232573,Santa Marta,LFM,2,PR10,LFM/H:2/CODE
232511,Santa Marta,LFM,2,PR10,LFM/H:2/CODE
228859,Santa Marta,LFM,4,PR10,LFM/H:4/CODE
228735,Santa Marta,LFM,5,PR98,LFM/H:5/CODE
228635,Santa Marta,LFM,5,PR10,LFM/H:5/CODE
228252,Santa Marta,LFM,4,PR98,LFM/H:4/CODE
228242,Santa Marta,LFM,10,PR10,LFM/H:10+/CODE
228221,Santa Marta,LFM,7,PR98,LFM/H:7/CODE
227850,Santa Marta,LFM,2,PR10,LFM/H:2/CODE
227818,Santa Marta,LFM,2,PR10,LFM/H:2/CODE
225992,Santa Marta,LFM,2,PR98,LFM/H:2/CODE
225024,Santa Marta,LFM,2,PR98,LFM/H:2/CODE
224825,Santa Marta,LFM,4,PR98,LFM/H:4/CODE
224756,Santa Marta,LFM,2,PR98,LFM/H:2/CODE
224489,Santa Marta,LFM,3,PR98,LFM/H:3/CODE
224413,Santa Marta,LFM,4,PR10,LFM/H:4/CODE
224411,Santa Marta,LFM,3,PR10,LFM/H:3/CODE
224386,Santa Marta,LFM,2,PR10,LFM/H:2/CODE
222897,Santa Marta,LFM,2,PR98,LFM/H:2/CODE
222749,Santa Marta,LFM,5,PR10,LFM/H:5/CODE
222330,Santa Marta,LFM,2,PR98,LFM/H:2/CODE
222245,Santa Marta,LFM,2,PR98,LFM/H:2/CODE
220096,Santa Marta,LFM,4,PR10,LFM/H:4/CODE
220058,Santa Marta,LFM,4,PR10,LFM/H:4/CODE
216804,Santa Marta,LFM,4,PR98,LFM/H:4/CODE
215766,Santa Marta,LFM,14,PR10,LFM/H:10+/CODE
215735,Santa Marta,LFM,2,PR10,LFM/H:2/CODE
210762,Santa Marta,LFM,2,PR10,LFM/H:2/CODE
210728,Santa Marta,LFM,2,PT10,LFM/H:2/CODE
210701,Santa Marta,LFM,2,PT10,LFM/H:2/CODE
201929,Santa Marta,LFM,2,PR10,LFM/H:2/CODE
201369,Santa Marta,LFM,3,PR10,LFM/H:3/CODE
201367,Santa Marta,LFM,3,PR10,LFM/H:3/CODE
201254,Santa Marta,LFM,3,PR10,LFM/H:3/CODE
201253,Santa Marta,LFM,4,PR98,LFM/H:4/CODE
198875,Santa Marta,LFM,4,PR98,LFM/H:4/CODE
198874,Santa Marta,LFM,4,PR98,LFM/H:4/CODE
198812,Santa Marta,LFM,2,PR98,LFM/H:2/CODE
198652,Santa Marta,LFM,8,PT10,LFM/H:8/CODE
197823,Santa Marta,LFM,2,PT10,LFM/H:2/CODE
197818,Santa Marta,LFM,2,PT10,LFM/H:2/CODE
197606,Santa Marta,LFM,2,PT10,LFM/H:2/CODE
192446,Santa Marta,LFM,2,PR98,LFM/H:2/CODE
180709,Santa Marta,LFM,2,PR98,LFM/H:2/CODE
164768,Santa Marta,LFM,2,PR98,LFM/H:2/CODE
164751,Santa Marta,LFM,2,PR98,LFM/H:2/CODE
164730,Santa Marta,LFM,3,PR98,LFM/H:3/CODE
164467,Santa Marta,LFM,2,PT10,LFM/H:2/CODE
160304,Santa Marta,DUAL,21,PR98,DUAL/H:10+/CODE
159682,Santa Marta,LFM,2,PR10,LFM/H:2/CODE
159410,Santa Marta,LFM,4,PR98,LFM/H:4/CODE
156923,Santa Marta,LFM,2,PR10,LFM/H:2/CODE
154735,Santa Marta,LFM,10,PR98,LFM/H:10+/CODE
154712,Santa Marta,LFM,2,PR10,LFM/H:2/CODE
147243,Santa Marta,LFM,5,PR98,LFM/H:5/CODE
152302,Santa Marta,LFM,2,PR10,LFM/H:2/CODE
152301,Santa Marta,LFM,2,PR10,LFM/H:2/CODE
152300,Santa Marta,LFM,2,PR10,LFM/H:2/CODE
152299,Santa Marta,LFM,2,PR10,LFM/H:2/CODE
152297,Santa Marta,LFM,2,PR10,LFM/H:2/CODE
152051,Santa Marta,LFM,9,PR10,LFM/H:9/CODE
148845,Santa Marta,LFM,3,PR98,LFM/H:3/CODE
148834,Santa Marta,LFM,2,PR10,LFM/H:2/CODE
148832,Santa Marta,LFM,2,PR98,LFM/H:2/CODE
147220,Santa Marta,LFM,2,PR10,LFM/H:2/CODE
147056,Santa Marta,LFM,2,PR98,LFM/H:2/CODE
147044,Santa Marta,LFM,2,PR10,LFM/H:2/CODE
147031,Santa Marta,LFM,2,PR98,LFM/H:2/CODE
145612,Santa Marta,LFM,2,PR10,LFM/H:2/CODE
143732,Santa Marta,LFM,2,PT10,LFM/H:2/CODE
143731,Santa Marta,LFM,2,PR10,LFM/H:2/CODE
087580100000004820029000000000,Soledad,MAS,2,PT10,MAS/H:2/CODE
087580100000004830046000000000,Soledad,MAS,2,PR10,MAS/H:2/CODE
087580100000004860024000000000,Soledad,MAS,1,PR10,MAS/H:1/CODE
087580100000004870051000000000,Soledad,MAS,1,PR98,MAS/H:1/CODE
087580100000004870901900000901,Soledad,MAS,2,PR10,MAS/H:2/CODE
087580100000004880032000000000,Soledad,MAS,1,PR98,MAS/H:1/CODE
087580100000004890037000000000,Soledad,MAS,1,PR98,MAS/H:1/CODE
087580100000004890061000000000,Soledad,MAS,1,PR98,MAS/H:1/CODE
087580100000004900036000000000,Soledad,MAS,1,PR10,MAS/H:1/CODE
087580100000005290002000000000,Soledad,MAS,1,PR98,MAS/H:1/CODE
087580100000005310001000000000,Soledad,MAS,1,PR98,MAS/H:1/CODE
087580100000005320001000000000,Soledad,MAS,1,PR98,MAS/H:1/CODE
087580100000005320004000000000,Soledad,MAS,1,PR98,MAS/H:1/CODE
087580100000005470039000000000,Soledad,MAS,1,PR98,MAS/H:1/CODE
087580100000005480004000000000,Soledad,MAS,1,PR98,MAS/H:1/CODE
087580100000005500001000000000,Soledad,MAS,1,PR10,MAS/H:1/CODE
087580100000005530020000000000,Soledad,MAS,1,PR10,MAS/H:1/CODE
087580100000005540001000000000,Soledad,MAS,1,PR98,MAS/H:1/CODE
087580100000005550004000000000,Soledad,MAS,1,PR98,MAS/H:1/CODE
087580100000005570013000000000,Soledad,MAS,1,PR98,MAS/H:1/CODE
087580100000005580014000000000,Soledad,MAS,1,PR10,MAS/H:1/CODE
087580100000005610011000000000,Soledad,MAS,1,PR98,MAS/H:1/CODE
087580100000005640012000000000,Soledad,MAS,1,PR98,MAS/H:1/CODE
087580100000005640030000000000,Soledad,MAS,2,PR10,MAS/H:2/CODE
087580100000005650011000000000,Soledad,MAS,2,PR10,MAS/H:2/CODE
087580100000005720007000000000,Soledad,MAS,1,PR98,MAS/H:1/CODE
087580100000005730006000000000,Soledad,MAS,1,PR10,MAS/H:1/CODE
087580100000005740010000000000,Soledad,MAS,1,PR98,MAS/H:1/CODE
087580100000005780002000000000,Soledad,MAS,1,PR98,MAS/H:1/CODE
087580100000005790002000000000,Soledad,MAS,1,PR98,MAS/H:1/CODE
087580100000005840001000000000,Soledad,MAS,2,PR10,MAS/H:2/CODE
087580100000005850002000000000,Soledad,MAS,1,PR98,MAS/H:1/CODE
087580100000005870031000000000,Soledad,MAS,2,PT10,MAS/H:2/CODE
087580100000005910009000000000,Soledad,MAS,1,PR98,MAS/H:1/CODE
087580100000006050001000000000,Soledad,MAS,1,PR10,MAS/H:1/CODE
087580100000006980032000000000,Soledad,MAS,1,PR10,MAS/H:1/CODE
087580100000007020018000000000,Soledad,MAS,1,PR98,MAS/H:1/CODE
087580100000007040007000000000,Soledad,MAS,1,PR98,MAS/H:1/CODE
087580100000007080001000000000,Soledad,MAS,2,PR10,MAS/H:2/CODE
087580100000007090001000000000,Soledad,MAS,1,PR98,MAS/H:1/CODE
087580100000007090012000000000,Soledad,MAS,1,PR98,MAS/H:1/CODE
087580100000007560010000000000,Soledad,MAS,1,PR98,MAS/H:1/CODE
087580100000007600026000000000,Soledad,LFM,2,PR10,LFM/H:2/CODE
087580100000009460013000000000,Soledad,MAS,2,PR10,MAS/H:2/CODE
087580100000012050003000000000,Soledad,MAS,1,PR10,MAS/H:1/CODE
087580100000012110001000000000,Soledad,MAS,1,PR10,MAS/H:1/CODE
087580100000012110002000000000,Soledad,MAS,1,PR10,MAS/H:1/CODE
087580102000002800019000000000,Soledad,MAS,1,PR98,MAS/H:1/CODE
087580102000002830019000000000,Soledad,MAS,2,PR10,MAS/H:2/CODE
087580102000002860007000000000,Soledad,MAS,2,PR10,MAS/H:2/CODE
087580102000002860008000000000,Soledad,MAS,2,PR10,MAS/H:2/CODE
087580102000002870008000000000,Soledad,MAS,2,PR10,MAS/H:2/CODE
087580102000002910016000000000,Soledad,MAS,2,PR10,MAS/H:2/CODE
087580102000003040020000000000,Soledad,MAS,1,PR98,MAS/H:1/CODE
087580102000003050012000000000,Soledad,MAS,2,PR10,MAS/H:2/CODE
087580102000003050013000000000,Soledad,MAS,1,PR10,MAS/H:1/CODE
087580102000003050014000000000,Soledad,MAS,1,PR98,MAS/H:1/CODE
087580102000003050015000000000,Soledad,MAS,1,PR98,MAS/H:1/CODE
087580102000003050018000000000,Soledad,MAS,1,PR98,MAS/H:1/CODE
087580102000003090005000000000,Soledad,MAS,1,PR98,MAS/H:1/CODE
087580102000004260021000000000,Soledad,MAS,2,PR10,MAS/H:2/CODE
087580102000004270012000000000,Soledad,MAS,2,PR10,MAS/H:2/CODE
087580102000005740028000000000,Soledad,MAS,2,PR10,MAS/H:2/CODE
087580102000005750004000000000,Soledad,MAS,1,PR10,MAS/H:1/CODE
087580102000006510013000000000,Soledad,MAS,2,PR10,MAS/H:2/CODE
087580102000006570011000000000,Soledad,MAS,1,PR10,MAS/H:1/CODE
087580102000006590001000000000,Soledad,MAS,2,PR10,MAS/H:2/CODE
087580102000006590010000000000,Soledad,MAS,1,PR10,MAS/H:1/CODE
087580102000006600001000000000,Soledad,MAS,2,PT10,MAS/H:2/CODE
087580102000006620014000000000,Soledad,MAS,2,PR10,MAS/H:2/CODE
087580102000006690001000000000,Soledad,MAS,1,PT10,MAS/H:1/CODE
087580102000006720002000000000,Soledad,MAS,1,PR10,MAS/H:1/CODE
087580102000006730002000000000,Soledad,MAS,2,PT10,MAS/H:2/CODE
087580102000007250002000000000,Soledad,MAS,1,PR98,MAS/H:1/CODE
087580102000007260008000000000,Soledad,MAS,1,PR98,MAS/H:1/CODE
087580102000007290001000000000,Soledad,MAS,2,PR10,MAS/H:2/CODE
087580102000007320009000000000,Soledad,MAS,2,PR98,MAS/H:2/CODE
087580102000007810011000000000,Soledad,MAS,1,PR98,MAS/H:1/CODE
087580102000007810015000000000,Soledad,MAS,1,PR98,MAS/H:1/CODE
087580102000007810021000000000,Soledad,MAS,1,PR98,MAS/H:1/CODE
087580102000007820009000000000,Soledad,MAS,2,PR10,MAS/H:2/CODE
087580102000007950002000000000,Soledad,MAS,2,PR10,MAS/H:2/CODE
087580102000007960901900000901,Soledad,MAS,1,PR98,MAS/H:1/CODE
087580102000007980012000000000,Soledad,MAS,1,PR98,MAS/H:1/CODE
087580102000008000016000000000,Soledad,MAS,1,PR98,MAS/H:1/CODE
087580102000008000017000000000,Soledad,MAS,2,PT10,MAS/H:2/CODE
087580102000008010018000000000,Soledad,MAS,2,PR10,MAS/H:2/CODE
087580102000008010019000000000,Soledad,MAS,1,PR98,MAS/H:1/CODE
087580102000008020019000000000,Soledad,MAS,1,PR98,MAS/H:1/CODE
087580102000008030022000000000,Soledad,MAS,1,PR98,MAS/H:1/CODE
087580102000008030023000000000,Soledad,MAS,1,PR98,MAS/H:1/CODE
087580102000008030025000000000,Soledad,LFM,3,PT10,LFM/H:3/CODE
087580102000008030028000000000,Soledad,MAS,1,PR98,MAS/H:1/CODE
087580102000008040003000000000,Soledad,MAS,2,PR10,MAS/H:2/CODE
087580102000008040014000000000,Soledad,MAS,1,PR10,MAS/H:1/CODE
087580102000010550007000000000,Soledad,MAS,1,PR98,MAS/H:1/CODE
087580102000010550018000000000,Soledad,MAS,1,PR98,MAS/H:1/CODE
087580102000010570015000000000,Soledad,MAS,2,PT10,MAS/H:2/CODE
087580102000013420021000000000,Soledad,MAS,1,PR10,MAS/H:1/CODE
087580102000013680004000000000,Soledad,MAS,1,PR98,MAS/H:1/CODE
087580102000013680025000000000,Soledad,MAS,2,PR98,MAS/H:2/CODE
087580102000013690018000000000,Soledad,MAS,2,PR10,MAS/H:2/CODE
087580103000000060002000000000,Soledad,MAS,2,PR10,MAS/H:2/CODE
087580103000000070003000000000,Soledad,MAS,1,PR10,MAS/H:1/CODE
087580103000000070022000000000,Soledad,MAS,2,PR10,MAS/H:2/CODE
087580103000000090011000000000,Soledad,MAS,1,PR98,MAS/H:1/CODE
087580103000000090016000000000,Soledad,MAS,2,PR10,MAS/H:2/CODE
087580103000000110043000000000,Soledad,MAS,1,PR98,MAS/H:1/CODE
087580103000000120001000000000,Soledad,LFM,2,PR10,LFM/H:2/CODE
087580103000000120021000000000,Soledad,MAS,1,PR98,MAS/H:1/CODE
087580103000000130019000000000,Soledad,MAS,2,PR10,MAS/H:2/CODE
087580103000000140027000000000,Soledad,MAS,2,PT10,MAS/H:2/CODE
087580103000000150031000000000,Soledad,MAS,1,PR10,MAS/H:1/CODE
087580103000000160018000000000,Soledad,MAS,1,PR98,MAS/H:1/CODE
087580103000000170039000000000,Soledad,MAS,1,PR98,MAS/H:1/CODE
087580103000000200022000000000,Soledad,MAS,1,PR10,MAS/H:1/CODE
087580103000000210001000000000,Soledad,MAS,2,PT10,MAS/H:2/CODE
087580103000000220012000000000,Soledad,MAS,1,PR98,MAS/H:1/CODE
087580103000000240046000000000,Soledad,MAS,2,PR98,MAS/H:2/CODE
087580103000000250017000000000,Soledad,MAS,1,PR98,MAS/H:1/CODE
087580103000000250019000000000,Soledad,MAS,1,PR98,MAS/H:1/CODE
087580103000000330011000000000,Soledad,MAS,1,PR98,MAS/H:1/CODE
087580103000000330030000000000,Soledad,MAS,1,PR98,MAS/H:1/CODE
087580103000000360014000000000,Soledad,MAS,1,PR10,MAS/H:1/CODE
087580103000000370015000000000,Soledad,MAS,1,PR10,MAS/H:1/CODE
087580103000000390001000000000,Soledad,MAS,1,PR98,MAS/H:1/CODE
087580103000000430014000000000,Soledad,MAS,2,PR10,MAS/H:2/CODE
087580103000000460001000000000,Soledad,MAS,1,PR98,MAS/H:1/CODE
087580103000000530001000000000,Soledad,MAS,1,PR98,MAS/H:1/CODE
087580103000000530020000000000,Soledad,MAS,1,PR98,MAS/H:1/CODE
087580103000000540003000000000,Soledad,MAS,1,PR98,MAS/H:1/CODE
087580103000000550021000000000,Soledad,MAS,1,PR98,MAS/H:1/CODE
087580103000000670020000000000,Soledad,MAS,1,PR98,MAS/H:1/CODE
087580103000000700009000000000,Soledad,MAS,2,PR10,MAS/H:2/CODE
087580103000000700036000000000,Soledad,MAS,2,PR10,MAS/H:2/CODE
087580103000000730003000000000,Soledad,MAS,2,PR10,MAS/H:2/CODE
087580103000000730038000000000,Soledad,MAS,1,PR98,MAS/H:1/CODE
087580103000000740005000000000,Soledad,MAS,2,PT10,MAS/H:2/CODE
087580103000000770020000000000,Soledad,MAS,1,PR98,MAS/H:1/CODE
087580103000000780008000000000,Soledad,MAS,1,PR98,MAS/H:1/CODE
087580103000000780009000000000,Soledad,MAS,1,PR98,MAS/H:1/CODE
087580103000000790017000000000,Soledad,MAS,2,PR10,MAS/H:2/CODE
087580103000000790019000000000,Soledad,MAS,1,PR10,MAS/H:1/CODE
087580103000000810003000000000,Soledad,MAS,1,PR10,MAS/H:1/CODE
087580103000000820036000000000,Soledad,MAS,2,PT10,MAS/H:2/CODE
087580103000000860017000000000,Soledad,MAS,2,PR10,MAS/H:2/CODE
087580103000000860032000000000,Soledad,MAS,2,PR10,MAS/H:2/CODE
087580103000000870006000000000,Soledad,MAS,2,PR10,MAS/H:2/CODE
087580103000000870011000000000,Soledad,MAS,2,PT10,MAS/H:2/CODE
087580103000000870014000000000,Soledad,MAS,2,PT10,MAS/H:2/CODE
087580103000000870034000000000,Soledad,MAS,2,PR10,MAS/H:2/CODE
087580103000000900001000000000,Soledad,MAS,1,PR98,MAS/H:1/CODE
087580103000000910021000000000,Soledad,MAS,1,PR98,MAS/H:1/CODE
087580103000000930020000000000,Soledad,MAS,2,PR10,MAS/H:2/CODE
087580103000000940033000000000,Soledad,MAS,1,PR98,MAS/H:1/CODE
087580103000000970007000000000,Soledad,MAS,2,PR10,MAS/H:2/CODE
087580103000000970009000000000,Soledad,MAS,1,PR98,MAS/H:1/CODE
087580103000000990007000000000,Soledad,MAS,2,PT10,MAS/H:2/CODE
087580103000001010021000000000,Soledad,MAS,2,PR10,MAS/H:2/CODE
087580103000001020004000000000,Soledad,MAS,1,PR98,MAS/H:1/CODE
087580103000001040903900000903,Soledad,MAS,1,PR98,MAS/H:1/CODE
087580103000001060004000000000,Soledad,MAS,1,PR10,MAS/H:1/CODE
087580103000001070018000000000,Soledad,MAS,2,PR10,MAS/H:2/CODE
087580103000001080002000000000,Soledad,MAS,2,PT10,MAS/H:2/CODE
087580103000001080022000000000,Soledad,MAS,1,PR10,MAS/H:1/CODE
087580103000001080025000000000,Soledad,MAS,2,PR10,MAS/H:2/CODE
087580103000001120024000000000,Soledad,MAS,2,PT10,MAS/H:2/CODE
087580103000001130028000000000,Soledad,MAS,2,PR10,MAS/H:2/CODE
087580103000001140023000000000,Soledad,MAS,1,PR10,MAS/H:1/CODE
087580103000001190008000000000,Soledad,MAS,2,PR10,MAS/H:2/CODE
087580103000001190009000000000,Soledad,MAS,2,PR10,MAS/H:2/CODE
087580103000001200016000000000,Soledad,MAS,1,PR98,MAS/H:1/CODE
087580103000001330001000000000,Soledad,MAS,2,PR10,MAS/H:2/CODE
087580103000001450003000000000,Soledad,MAS,1,PR98,MAS/H:1/CODE
087580103000001460021000000000,Soledad,MAS,1,PR98,MAS/H:1/CODE
087580103000001530017000000000,Soledad,MAS,2,PR10,MAS/H:2/CODE
087580103000001530022000000000,Soledad,MAS,1,PR98,MAS/H:1/CODE
087580103000001580001000000000,Soledad,MAS,1,PR10,MAS/H:1/CODE
087580103000001610022000000000,Soledad,MAS,1,PR10,MAS/H:1/CODE
087580103000001610026000000000,Soledad,MAS,2,PR10,MAS/H:2/CODE
087580103000001640004000000000,Soledad,MAS,1,PR98,MAS/H:1/CODE
087580103000001650028000000000,Soledad,MAS,1,PR10,MAS/H:1/CODE
087580103000001660038000000000,Soledad,MAS,1,PR10,MAS/H:1/CODE
087580103000001670036000000000,Soledad,MAS,1,PR98,MAS/H:1/CODE
087580103000001680011000000000,Soledad,MAS,1,PR98,MAS/H:1/CODE
087580103000001720007000000000,Soledad,MAS,1,PR10,MAS/H:1/CODE
087580103000001740014000000000,Soledad,LFM,1,PR10,LFM/H:1/CODE
087580103000001740017000000000,Soledad,MAS,1,PR98,MAS/H:1/CODE
087580103000001740029000000000,Soledad,MAS,1,PR98,MAS/H:1/CODE
087580103000001760011000000000,Soledad,MAS,1,PR10,MAS/H:1/CODE
087580103000001780020000000000,Soledad,MAS,1,PR10,MAS/H:1/CODE
087580103000001840023000000000,Soledad,MAS,1,PR98,MAS/H:1/CODE
087580103000001840029000000000,Soledad,MAS,1,PR98,MAS/H:1/CODE
087580103000001860015000000000,Soledad,MAS,1,PR98,MAS/H:1/CODE
087580103000001880029000000000,Soledad,MAS,1,PR98,MAS/H:1/CODE
087580103000001910003000000000,Soledad,LFM,1,PR10,LFM/H:1/CODE
087580103000001910008000000000,Soledad,MAS,1,PR10,MAS/H:1/CODE
087580103000001910016000000000,Soledad,MAS,1,PR10,MAS/H:1/CODE
087580103000001920001000000000,Soledad,MAS,1,PR10,MAS/H:1/CODE
087580103000001920016000000000,Soledad,MAS,1,PR98,MAS/H:1/CODE
087580103000001920022000000000,Soledad,MAS,1,PR10,MAS/H:1/CODE
087580103000001920026000000000,Soledad,MAS,2,PR98,MAS/H:2/CODE
087580103000001930006000000000,Soledad,MAS,1,PR10,MAS/H:1/CODE
087580103000001940003000000000,Soledad,MAS,1,PR98,MAS/H:1/CODE
087580103000001950004000000000,Soledad,MAS,2,PR98,MAS/H:2/CODE
087580103000001950008000000000,Soledad,MAS,2,PR98,MAS/H:2/CODE
087580103000001950025000000000,Soledad,MAS,1,PR10,MAS/H:1/CODE
087580103000001950036000000000,Soledad,MAS,1,PR10,MAS/H:1/CODE
087580103000001960023000000000,Soledad,MAS,1,PR98,MAS/H:1/CODE
087580103000001960029000000000,Soledad,MAS,2,PR10,MAS/H:2/CODE
087580103000001960037000000000,Soledad,MAS,1,PR10,MAS/H:1/CODE
087580103000001970003000000000,Soledad,MAS,1,PR10,MAS/H:1/CODE
087580103000001980015000000000,Soledad,MAS,1,PR10,MAS/H:1/CODE
087580103000001980027000000000,Soledad,MAS,1,PR98,MAS/H:1/CODE
087580103000001990004000000000,Soledad,MAS,1,PR10,MAS/H:1/CODE
087580103000001990011000000000,Soledad,MAS,2,PR10,MAS/H:2/CODE
087580103000002070003000000000,Soledad,MAS,1,PR98,MAS/H:1/CODE
087580103000002110022000000000,Soledad,MAS,1,PR98,MAS/H:1/CODE
087580103000002120021000000000,Soledad,MAS,1,PR98,MAS/H:1/CODE
087580103000002210013000000000,Soledad,MAS,1,PR98,MAS/H:1/CODE
087580103000002250006000000000,Soledad,MAS,2,PR10,MAS/H:2/CODE
087580103000002310002000000000,Soledad,MAS,1,PR98,MAS/H:1/CODE
087580103000002310012000000000,Soledad,MAS,1,PR98,MAS/H:1/CODE
087580103000002320032000000000,Soledad,MAS,1,PR98,MAS/H:1/CODE
087580103000002380001000000000,Soledad,MAS,2,PR10,MAS/H:2/CODE
087580103000002390008000000000,Soledad,MAS,1,PR98,MAS/H:1/CODE
087580103000002400001000000000,Soledad,MAS,1,PR98,MAS/H:1/CODE
087580103000002400004000000000,Soledad,MAS,1,PR10,MAS/H:1/CODE
087580103000002400023000000000,Soledad,MAS,1,PR98,MAS/H:1/CODE
087580103000002430005000000000,Soledad,MAS,1,PR98,MAS/H:1/CODE
087580103000002440029000000000,Soledad,MAS,2,PR10,MAS/H:2/CODE
087580103000002460003000000000,Soledad,MAS,1,PR10,MAS/H:1/CODE
087580103000002460006000000000,Soledad,MAS,1,PR98,MAS/H:1/CODE
087580103000002470001000000000,Soledad,MAS,2,PR10,MAS/H:2/CODE
087580103000002470032000000000,Soledad,MAS,1,PR98,MAS/H:1/CODE
08758100000000000702010000002U,Soledad,MAS,1,PR10,MAS/H:1/CODE
08758100000000000702180000001U,Soledad,MAS,1,PR10,MAS/H:1/CODE
08758100000000000702240000001U,Soledad,MAS,2,PR98,MAS/H:2/CODE
08758100000000000704080000001U,Soledad,MAS,1,PR10,MAS/H:1/CODE
08758100000000000704080000002U,Soledad,MAS,1,PR10,MAS/H:1/CODE
08758100000000000705080000001U,Soledad,MAS,1,PR10,MAS/H:1/CODE
08758100000000000705120000001U,Soledad,MAS,1,PR10,MAS/H:1/CODE
08758100000000000901230000002U,Soledad,MAS,2,PR10,MAS/H:2/CODE
08758100000000000903210000001U,Soledad,MAS,1,PR98,MAS/H:1/CODE
08758100000000001002020000001U,Soledad,MAS,1,PR10,MAS/H:1/CODE
08758100000000001002020000002U,Soledad,MAS,1,PR10,MAS/H:1/CODE
08758100000000001002040000001U,Soledad,MAS,2,PR10,MAS/H:2/CODE
08758100000000001002050000001U,Soledad,MAS,1,PR98,MAS/H:1/CODE
08758100000000001002050000002U,Soledad,MAS,1,PR98,MAS/H:1/CODE
08758100000000001002050000003U,Soledad,MAS,2,PR10,MAS/H:2/CODE
08758100000000001002070000001U,Soledad,MAS,2,PR10,MAS/H:2/CODE
08758100000000001002090000002U,Soledad,MAS,1,PR10,MAS/H:1/CODE
08758100000000001003120000001U,Soledad,MAS,1,PR10,MAS/H:1/CODE
08758100000000001003140000001U,Soledad,MAS,1,PR10,MAS/H:1/CODE
08758100000000001004170000001U,Soledad,MAS,1,PR10,MAS/H:1/CODE
08758100000000001006080000001U,Soledad,MAS,1,PR98,MAS/H:1/CODE
08758100000000002003160000001U,Soledad,MAS,1,PR10,MAS/H:1/CODE
08758100000000002004150000002U,Soledad,LFM,1,PT10,LFM/H:1/CODE
